review_id,date,reviewer,review,positive_count,negative_count,sentiment
137241207,2026-08-28T17:18:55,김**,"맛: 불향이 은은하게 퍼지면서 칼칼하고 진한 고기·해물 육수 맛, 기본 매운맛이라 텁텁하지 않고 입에 착 감김 크기: 1인분 기준 넉넉한 중화면(250g)과 수북한 건더기 양으로 한 그릇만 먹어도 배부를 정도로 푸짐함 향: 자극적인 기름 냄새 대신 식욕을 돋우는 칼칼한 짬뽕 특유의 매콤하고 깊은 불향 사용감: 번거로운 해동 과정 없이 냉동 상태 그대로 냄비에 넣어 조리할 수 있어 조리 편의성이 매우 뛰어남 재구매 의향: 200%! 냉동실에 없으면 불안할 정도로 쟁여두는 최애 짬뽕 밀키트라 앞으로도 계속 재구매 예정 컬리에서 이미 여러 번 재구매해서 먹고 있는 이연복 셰프님의 목란 짬뽕입니다. 평소 매운 음식을 워낙 좋아해서 매운맛을 항상 기본으로 주문하고 있어요. 보통 냉동 밀키트는 미리 냉장 해동을 하거나 찬물에 담가둬야 하는 번거로움이 있는데, 이 제품은 사진처럼 꽝꽝 얼어있는 육수 블록을 해동 없이 냄비에 바로 넣고 끓여도 국물 맛이나 건더기 식감이 전혀 망가지지 않아 조리가 정말 간편합니다. 면발은 삶아낸 뒤 찬물에 헹궈주면 중식당에서 갓 뽑아낸 것처럼 탱글탱글하고 쫄깃함이 그대로 살아납니다. 무엇보다 냉동 짬뽕치고 건더기가 정말 실해요. 오징어, 홍합 같은 해물은 물론이고 당근, 양파, 버섯, 고기까지 큼직하게 듬뿍 들어있어서 씹는 맛이 제대로 납니다. 💡 이연복 짬뽕을 200% 즐기는 꿀팁 해동 없이 육수 블록을 냄비에 넣고 중불에서 끓여줍니다. 끓는 물에 중화면을 삶아 찬물에 가볍게 헹군 후 그릇에 담아줍니다. 팔팔 끓어오른 짬뽕 국물과 푸짐한 건더기를 면 위에 부어주면 완성됩니다. 면을 다 먹고 남은 진한 국물에 수제비 사리를 넣어 끓여 먹거나, 따뜻한 흰쌀밥을 푹 말아 먹으면 짬뽕밥 느낌으로 완벽한 마무리가 됩니다. 집에서 간편하게 전문점 수준의 깊고 얼큰한 짬뽕을 즐기고 싶거나, 술 마신 다음 날 시원하게 해장하고 싶을 때 강력 추천하는 밀키트입니다.",11,2,긍정
136127896,2026-07-27T20:59:33,이**,"이연복의 목란 짬뽕이 유명해서 잘 먹고 있어요. 오랜만에 먹고싶어서 주문해봤어요. 날이 더워도 꽁꽁얼어서 안전하게 배송되는 점이 좋네요. 1인분씩 분리 포장되어 있어서 두고 먹기에 좋아요. 개인적으론 양념이 진해서 양념 한 봉에 물 한 컵 추가해서 끓이니 2인분 국물 되더라고요. 여기에 오징어 새우 추가해서 넣으니 어른 아이 먹기 좋은 2인분이 나오고, 사리면이나 생면을 따로 사서 추가하면 한 봉으로 어른 2인분이 먹어도 맛있을 정도의 양과 맛이라 저는 이렇게 먹고 있어요. 면도 쫄깃하고, 국물 진하고 매콤칼칼한 맛이라 중국집 짬뽕 주문안해도 충분히 집에서 즐기기 좋은 맛이네요. 진하고 매운맛 좋아하시는 분들은 한 봉 그대로 드셔도 되고, 적당히 매콤칼칼한게 좋으신분들은 저처럼 물 한컵 추가하시는것도 추천드려요.",7,2,긍정
137395962,2026-09-02T09:42:50,이**,"해물 폭탄&죽순 추가로 중화요리 전문점 제쳐버린 이연복의 목란 짬뽕 솔직 후기! 컬리 주문할 때마다 절대 빠뜨리지 않는 인생 짬뽕인데, 이번엔 작정하고 냉장고 속 해산물과 죽순을 왕창 털어 넣어 제대로 조리해 봤습니다. 결과는 진짜 고급 중학요리 전문점 머리채 잡을 만큼 완벽한 한 그릇이 탄생했어요! 시각과 미각을 사로잡는 입체적 풍미 코끝을 스치는 그윽한 불향과 깊은 국물 냄비에서 끓어오를 때부터 진동하는 묵직한 불향이 식욕을 미친 듯이 자극합니다. 첫 숟갈 딱 뜨는 순간, 텁텁함이라곤 전혀 없이 고기 육수의 묵직하고 묵직한 고소함과 고춧가루의 칼칼한 매콤함이 혀 끝에 착 감겨요. 해물과 죽순 추가의 미친 밸런스 (강력 추천!) 베이스 국물이 워낙 진하고 단탄해서 탱글한 왕새우, 통통한 오징어, 꽃게, 쭈꾸미를 듬뿍 넣어도 국물이 전혀 겉돌거나 밍밍해지지 않습니다. 해즙이 국물에 녹아들면서 시원한 감칠맛이 2배로 폭발하고, 아삭아삭 씹히는 죽순과 쫄깃한 목이버섯의 식감이 어우러져 한 입 먹을 때마다 감탄이 절로 나와요. 국물이 제대로 배어든 쫄깃탱탱 면발 면을 따로 삶아 찬물에 살짝 헹군 뒤 국물에 말아주니, 면발 표면에 진한 짬뽕 국물이 쫙 코팅됩니다. 마지막 한 가닥을 건져 먹을 때까지 불지 않고 쫄깃함을 유지해서 후루룩 소리 내며 정신없이 입으로 직행하게 되네요. 얼큰하고 진한 국물 한 숟가락에 탱글한 해산물과 아삭한 죽순을 얹어 먹으면 그날 스트레스가 싹 날아갑니다. 면 다 건져 먹고 남은 국물에 찬밥 말아먹는 건 필수 코스인 거 아시죠? 집에서 즐길 수 있는 최고의 상어급 짬뽕입니다. 재구매는 무조건 평생 각이에요.",8,2,긍정
135576215,2026-07-11T17:07:29,황**,"요즘 습하고 푹푹찌는 더위로 다들 힘들실텐데 이럴때일수록 이열치열!! 이연복 짬뽕으로 더위 날려요!!! 그래서인지 다른 때보다 더 맛있게 먹었어요. 일부러 중식당에 가지 않아도 그런 맛을 느낄 수 있어서 좋고요 너무 편해요~ 순한맛으로 픽! 맵찔이인 저에게는 순한맛도 약간 매콤했고요. 저는 매운맛도 중화시킬겸 야채 많이 들어간 것을 좋아해서 원래대로만 끓여서 먹어도 충분하지만 냉장고에 있는 야채를 듬뿍 넣었어요. 콩나물, 버섯, 파,양파를 넣어서 끓였는데 특히 콩나물은 씹히는 식감 때문에 훨씬 더 맛있더라고요. 2개로 소분되어 있어서 편하고요 양도 넉넉해서 배불러요. 면발도 뚝뚝 끊키지 않고 쫄깃쫄깃 했어요. 다른 반찬도 필요없고 전 단무지무침이랑 먹었어요. 단무지의 단짠단짠함이 매운맛을 달래주었어요. 요즘은 너무 더워서 먹기 한시간 전에 빼놓으니깐 금방 해동되더라고요. 더워서 입맛도 떨어지고 메뉴도 고민되고 할때 짬뽕 드셔 보세요. ㅎㅎㅎ 너무 맛있게 먹어서 다음번엔 백짬뽕도 먹어 볼까해요. 다들 더위 잘 이겨내세요^^",6,0,긍정
136520825,2026-08-07T19:14:01,이**,"워낙 이연복쉐프님 짬뽕은 컬리에서 유명하고 실제로 목란에서 먹어보기도 했기에 집에서도 맛집 느낌을 낼 수 있을까 궁금해 구매해봤어요~~ 후기가 많아서 기대를 했는데 기대했던 것만큼 만족스러웠습니다 ^,^ 저는 오리지널 맛으로 먹었는데 국물이 얼큰하면서도 깊은 맛이 나서 자꾸 손이 가더라고요😀 맵기만 한 스타일이 아니라 불향이 은은하게 느껴지고 국물이 진해서 면이랑 정말 잘 어울렸어요. 고기와 버섯, 채소 등 건더기도 생각보다 넉넉하게 들어 있어서 밀키트치고 꽤 푸짐한 편이었습니다!!!ㅎㅎ ㅈㅓ는 집에 있는 새우들 많이넣어서 추가해 먹었어요~~~!! 조리도 어렵지 않고 면만 따로 삶아서 국물과 함께 끓여주면 금방 완성돼서 바쁜 날 한 끼 해결하기에도 좋았어요. 밖에서 짬뽕을 배달시키면 가격도 부담되고 면이 불어서 오는 경우도 많은데 집에서 바로 끓여 먹으니 훨씬 만족스러웠습니다👍🏻 신랑이랑 같이 한 끼 맛있게 먹었고 둘 다 만족했어요^,^ 짬뽕이 생각날 때마다 종종 재구매해서 먹을 것 같습니다. 집에서도 맛집 스타일의 짬뽕을 즐기고 싶은 분들께 추천하고 싶은 제품이에요!",11,0,긍정
137289600,2026-08-30T09:32:34,이**,"우리 집 냉장고 쟁여템 중 하나예요! 평소에 매운 음식을 워낙 좋아해서 짬뽕도 자주 먹는 편인데, 이 제품은 단순히 맵기만 한 인위적인 매운맛이 아니라 얼큰하면서도 깊은 맛이 나서 정말 마음에 들어요. 냉동 짬뽕이라 처음에는 가격대가 있는 편이라 살짝 망설였는데, 한 번 먹어보고는 생각이 완전히 달라졌어요. 오히려 맛을 생각하면 이 정도 가격은 충분히 납득할 만하다는 생각이 들더라고요. 냉동 제품이라고 해서 국물 맛이 밋밋하거나 아쉬울 줄 알았는데, 웬만한 중국집에서 주문해 먹는 짬뽕보다 맛있는 것 같아요. 국물도 얼큰하고 감칠맛이 좋아서 자꾸 생각나는 맛이고, 매운맛 좋아하는 저에게는 딱 취향이에요. 집에서 간편하게 조리해서 먹을 수 있다는 것도 큰 장점이고요. 여러 냉동 짬뽕 제품을 먹어봤지만 개인적으로는 시중에 판매하는 냉동 짬뽕 중 최고라고 생각합니다. 가격 때문에 처음 구매할 때 고민했던 게 무색할 정도로 만족도가 높아서 이제는 떨어지기 전에 미리 쟁여두는 제품이 됐어요. 매콤하고 얼큰한 짬뽕 좋아하시는 분들이라면 한 번쯤 드셔보시길 추천합니다!",10,2,긍정
134716219,2026-06-16T15:09:48,강**,"컬리에서 주문한 이연복의 목란 짬뽕, 워낙 유명해서 기대 반 걱정 반으로 주문했는데 결론부터 말하면 재구매 의사 있습니다. 평소 짬뽕을 좋아하는 편이라 웬만한 밀키트나 냉동 짬뽕 제품은 많이 먹어봤는데, 이 제품은 국물 맛이 확실히 차별화되는 느낌이었어요. 얼큰하면서도 단순히 맵기만 한 맛이 아니라 해물과 채소에서 우러난 깊은 감칠맛이 진하게 느껴졌습니다. 국물 한 숟갈 떠먹는 순간 왜 목란 짬뽕이라고 하는지 알겠더라고요. 저는 조금 더 푸짐하게 먹고 싶어서 우삼겹과 양배추를 추가해서 조리했는데 이 조합이 정말 만족스러웠습니다. 우삼겹에서 나온 고소한 기름이 국물에 자연스럽게 녹아들면서 훨씬 진하고 풍부한 맛이 났고, 양배추는 아삭한 식감을 더해줘서 식당에서 먹는 짬뽕 같은 느낌이 들었어요. 특히 양배추의 단맛이 얼큰한 국물과 잘 어울려서 훨씬 맛있게 먹었습니다. 면도 생각보다 쫄깃해서 좋았어요. 냉동면 특유의 퍼지는 식감이 거의 없고 탱글탱글한 식감이 살아 있어서 국물과 함께 먹기 좋았습니다. 국물을 머금은 면을 후루룩 먹으니 집에서 만든 음식이라는 생각이 안 들 정도였네요. 양도 성인 기준으로 충분한 편이었고, 우삼겹과 양배추를 추가하니 외식 대신 집에서 한 끼 해결하기에 전혀 부족함이 없었습니다. 오히려 밖에서 짬뽕 한 그릇 사 먹는 가격을 생각하면 가성비도 괜찮다고 느꼈어요. 맵기는 아주 매운 편은 아니고 얼큰한 수준이라 매운 음식을 잘 못 먹는 분들도 크게 부담 없이 드실 수 있을 것 같습니다. 반대로 아주 강한 불맛이나 자극적인 매운맛을 기대하신다면 조금 아쉬울 수 있지만, 저는 오히려 질리지 않는 맛이라 더 좋았습니다. 다음에는 오징어나 새우 같은 해산물을 추가해서 먹어볼 생각입니다. 기본 제품만으로도 충분히 맛있지만 취향에 따라 재료를 조금만 추가하면 훨씬 고급스럽고 푸짐한 한 끼가 되는 제품이라 만족도가 높았습니다. 집에서 간편하게 맛있는 짬뽕을 즐기고 싶은 분들께 추천하고 싶어요.",18,2,긍정
133220573,2026-05-04T00:42:51,김**,"주문 - 2026년 5월 1일(금)/ 12:49PM 수령 - 2026년 5월 2일(토)/ 04:05AM 택배기사분들 고생많으십니다. 7천원 할인쿠폰 온 김에 장바구니에 담아두었던 대패 삼겹살을 사려는데 2만원 채우려고 검색하던 중 유튜브에서 몇번 오며가며 보았던 동 제품이 눈에 밟혀 주문해보았습니다. 1) 면을 국물보다 너무 빨리 삶아서 건져서 미지근한 물에 한번 씻고 체에 한 6분 정도 받혀두고 기다리느라 먹을때 면이 퍼졌을 줄 알았는데 두께가 있는 면이라 그런지 시간이 지나도 쫄깃하니 퍼지지 않았습니다. 2) 국물을 알려준 대로 4분간 끓이니 오래 달인 냄새가 나서 1차적으로 불안해졌고 면과 섞어 첫 한입을 맛보는데 홍합 냄새가 너무 강해서 홍합 짬뽕인가..하고 2차적으로 불안했습니다. 불안한 첫인상에 비해 식사가 중반을 지나 거의 마무리 되어갈 때쯤 오히려 점점 맛이 좋아지는 걸 보고 많이 놀랬네요. 일단 국물이 아주 진합니다. 어지간한 짬뽕 좀 친다는 중국집 짬뽕보다 훨씬 걸쭉하고 진한 맛이 납니다. 처음에 강하게 나던 홍합향도 식사가 진행될 수록 다른 재료들과 섞여들어 존재감이 줄어들었고 오래 달인듯한 국물 냄새도 먹으면서 사라지고 국물 상태도 신선하네요. 보통 맛있는 음식도 처음에 '우와~' 하는 맛이 나다가 식사가 진행되면서 점점 평범해지거나 질리는 것이 일반적인데 동 제품은 식사가 끝날때가 될수록 점점 더 만족스러운 신기한 제품이네요. 동네에 짬뽕 맛있는 중국집 없으면 인당 7천원 좀 안되는 돈으로 충분히 맛있게 즐길만한 제품인 것 같습니다. 평생 먹어온 레토르트 제품 중에서 '와 꽤나 맛있네' 할 정도로 만족스러운 제품이 손가락 5개 안에 꼽힐정도로 적은데 동 제품, 그 5위 안에 들어왔습니다. 유통기한도 10개월 정도로 길어서 할인할 때 주문해서 냉동실 쟁여두기도 좋겠네요. 만족스럽습니다. 번창하세요.",10,8,긍정
131981129,2026-03-21T20:59:44,하**,"이제품 짬뽕이 유명하다고 해서 궁금하기엔 쿠* 주문해볼까하고 들어갔다 가격에 놀래서 포기 그러다 엄마부탁으로 찾던 제품이 여기 마켓컬리에 가격이 할인되어서 고민하다 가입 오후 6시 댓글보면서 이거저거 주문 새벽 2시에 소리가 나서 보니 도착 진짜 빠르다 깔끔하게 아이스까지해서 배송 맘든다 오늘 드뎌 구매한 제품 요리를 ㅎㅎ 쉽다쉬워 5분만에 끝 댓글보니 양배추 양파 대파 같은 추가하래서 넣어봄 양이 많아짐 둘이먹기 딱 (1인분용으로) 얼큰한게 국물부터가 사골로 만든듯 집근처 중국집 고기짬뽕으로 유명했는데 사골육수 사용해서 진국인데 그맛만큼 진국 오징어,홍합.고기가 잔뜩 좋은 재료 쓰는듯 면도 딱 좋음 소문날만함ㅎㅎ 할인,빠른배송.맛까지 삼박자 굿 재구매각",2,1,긍정
136156207,2026-07-28T18:58:36,홍**,"컬리 추천템으로 빠지지 않는 제품이라 궁금했어요 또 목란가서 먹으려면 예약하고 대기해야 된다던데 이렇게 집에서 먹을 수 있다니 기대됐습니다 국물과 면 구성이었는데 사이즈가 굉장히 컸어요 면을 먼저 끓인 후 건져내고 국물을 데운 후 면을 넣고 조금 더 끓였습니다 건더기가 고기,해산물,야채 등 들어있지만 청경채나 양파 등은 더 넣어도 좋을 거 같아요 맛은 오리지널했는데 꽤 매워요 그치만 맛있게 땡기는 매운맛이라 맵다하면서도 맛있게 먹었습니다 면도 쫄깃하고 웬만한 배달보다 맛있는 짬뽕이었어요 요즘 날씨보다는 날이 선선해지면 더 생각날 거 같은 제품이에요",5,1,긍정
134998431,2026-06-24T20:09:43,채**,이연복 목란 짬뽕 진짜 완전 강추에요!!! 진짜 그냥 중식집 가서 먹는것보다 더 맛있어요~~ 우선 저는 매운걸 좋아하는데 짝꿍이 너무 매운건 힘들어 해서 마일드 시켰는데도 맛있게 얼큰해요!! 국물 진짜 진하고 건더기도 완전 풍부!! 면발도 진짜 찰져요~~ 짬뽕집가서 한그릇 먹을돈보다 더 저렴하게 두그릇 먹을수 있어서 자꾸 주문하게 되네요!!!,4,4,중립
131623821,2026-03-08T20:19:15,정**,"중식 셰프 이연복의 레스토랑 목란 레시피를 기반으로 만든 짬뽕 밀키트로, 집에서도 비교적 간편하게 중식당 느낌의 짬뽕을 즐길 수 있는 제품입니다. 우선 구성은 생면과 짬뽕 국물 팩이 각각 2개씩 들어 있는 2인분 형태입니다. 국물에는 돼지고기와 오징어, 홍합, 새우 같은 해산물과 배추, 양파, 버섯 등 다양한 재료가 들어 있어 재료가 꽤 푸짐한 편입니다. 맛을 보면 국물이 칼칼하고 시원한 해물 짬뽕 스타일입니다. 고춧가루와 해산물에서 나오는 감칠맛이 잘 어우러져 얼큰하면서도 깊은 국물 맛이 느껴집니다. 특히 국물이 진한 편이라 밥 말아 먹어도 잘 어울리는 느낌이었습니다. 면은 중화면 스타일이라 쫄깃하고 탱글한 식감이 살아 있어 국물과 함께 먹기 좋았습니다. 조리 방법도 간단한 편입니다. 국물 팩을 끓이고 면을 따로 삶아서 넣으면 되기 때문에 10분 정도면 완성할 수 있어 집에서 짬뽕이 먹고 싶을 때 편하게 만들 수 있습니다. 다만 중식당에서 바로 볶아 만드는 짬뽕처럼 강한 불향은 조금 부족하게 느껴질 수 있는 점은 있습니다. 그래도 밀키트 치고는 국물 맛이 진하고 재료도 괜찮아서 전체적인 만족도는 꽤 좋은 편이었습니다.",7,3,긍정
137041505,2026-08-22T13:18:36,최**,"집순이 딸래미가 짜장, 짬뽕을 좋아해서 나가지는 않고 집에서 만들어 먹었습니다.",1,1,중립
133908066,2026-05-25T01:35:11,김**,주문 - 2026년 5월 19일(화)/ 11:59AM 수령 - 2026년 5월 20일(수)/ 03:49AM 택배기사분들 고생많으십니다. 대패 삼겹살을 주문하려고 들어왔다가 무료배송 주문금액을 채우려고 고민 없이 추가하였습니다. 지난번 첫 주문 때 먹은 맛이 너무 인상적이어서 언제든 추가 주문하려고 마음먹고 있었거든요. 맛도 좋은데 냉동으로 유통기한까지 내년 4월 까지로 길어서 참 좋은 제품 같습니다. 번창하세요.,0,1,부정
133724699,2026-05-20T10:31:17,이**,"중국요리 뭐 먹을까? 하면 무조건 짬뽕!을 선택하는 사람으로 이연복의 목란 짬뽕 제품이 궁금했어요. 아이와 같이 먹을 거라서 마일드로 주문했어요. 이연복의 목란 짬뽕은 2인분 구성이라 양이 넉넉한 편이고 면과 짬뽕 소스에 건더기가 들어있어요. 조리 방법은 정말 간단해요! 라면 끓이는 느낌으로 쉽게 완성돼요. - 짬뽕탕 내용물을 해동 (먹기 전날 냉장고에서 해동) - 냄비에 넣고 4분간 끓이기 - 면은 해동 없이 끓는 불에 2분간 삶아서 준비 - 그릇에 면 넣고 짬뽕탕 붓기 짬뽕만 먹기 아쉬워서 만두도 같이 준비했어요. 짬뽕 국물 색부터 딱 중식당 짬뽕 느낌! 다른 재료를 추가할까 했지만 본래의 맛을 느끼고 싶어 안 넣었는데 잘한 것 같아요. 고기, 홍합, 버섯, 야채가 꽤 푸짐하게 들어 있어요. 면이 쫄깃하고 국물이 얼큰하면서 불맛이 납니다. 살짝 매웠는데 만두랑 먹으니 매운맛을 중화해줘서 사이드로 다른 메뉴와 같이 먹으면 좋아요. 마지막에 짬뽕 국물에 밥까지 말아 먹었어요. 매콤한 짬뽕 좋아하시는 분들에게는 이연복의 목란 짬뽕 추천합니다. 마일드도 충분히 매우니 매운 거 못 드시는 분들은 오리지널보다 마일드로 주문해 보세요. 매콤한 짬뽕 좋아하시는 분들에게는 이연복의 목란 짬뽕 추천합니다. 마일드도 충분히 매우니 매운 거 못 드시는 분들은 오리지널보다 마일드로 주문해 보세요.",7,1,긍정
133620072,2026-05-17T12:01:30,정**,"평소 맛집이어도 줄서서 먹는거 좋아하지 않습니다. 줄 안서고 맛볼수 있는 마켓컬리의 이연복 목란 짬뽕이라도 먹고싶었지만 밀키트가 다 거기서 거기지..라는 편견으로 몇번을 망설이다 구매해봤어요. 꽁꽁 얼어서 온 짱뽕국물을 끓이며 들여다보니 홍합, 오징어, 표고버섯등이 제법 넉넉히 들어있네요. 조리랄것도 없이 국물 끓이고 면 삶기. 면 삶기 전에 집에 있던 콩나물 한움큼 넣고 면을 2분간 삶아내어 짬뽕국물을 부어주니 일단 비주얼이 딱 그대로 짬뽕입니다. ㅎㅎ 그런데 맛은 평범하지가 않네요. 동네 중국집 짬뽕들은 국물이 짭짤해서 먹고나면 죄책감이 드는데 이 이연복 짬뽕은 간도 세지 않고 오리지날의 맵기도 적당히 칼칼하고 맛도 훌륭해서 정말 맛있게 먹었습니다. 이래서 줄서서들 먹는구나..이름값이 그냥 생긴게 아니구나..느끼는 순간이었답니다. 줄서서는 못 먹을테니 다음에도 요 짬뽕을 또 먹게 될것 같아요. 탁월한 선택으로 맛있게 잘 먹었습니다.",5,2,긍정
132696285,2026-04-15T00:42:39,이**,저희집에는 주말만 되면 짬뽕을 시켜 먹는 짬뽕귀신이 있는데요 출출하다길래 짬뽕해줄까 했더니 집에서 만드는 짬뽕은 뭔가 심심할 것 같다고 의심(?) 하길래 면이랑 국물 다같이 넣고 끓였어요 매운걸 좋아해서 베트남고추도 조금 넣어주고 팔팔 끓여줬더니 맛있다고 감탄을 하면서 밥까지 말아먹네요 앞으로 배달 안 시킬거니까 집에 쟁여놓으래요 인기가 많아서 품절이 자주 되던데 빨리 장바구니에 담으러 가야겠어요,2,0,긍정
135082544,2026-06-27T15:58:47,이**,"오랜만에 짬뽕 생각이 나서 구입했어요 오~~~마일드해서 적당히 매워요 이연복 짬뽕 너무 궁금해서 구매해봤어요. 집에서도 간편하게 맛있는 짬뽕을 즐길 수 있을 것 같아 기대됩니다. 그냥 먹어도 좋지만 저는 목이버섯을 추가해서 같이 끓여 먹으려고 준비했어요. 목이버섯의 쫄깃한 식감이 더해지면 훨씬 풍성하고 식당에서 먹는 짬뽕 같은 느낌이 날 것 같아 기대돼요. 해산물이나 채소를 조금 더 추가해도 잘 어울릴 것 같고, 간단한 재료만 더해도 든든한 한 끼가 될 것 같습니다. 평소 짬뽕 좋아하는데 이연복 셰프 레시피라 더 기대가 되고, 맛있게 먹어보고 재구매하고 싶어요 :)",6,2,긍정
136265796,2026-07-31T23:08:34,이**,"컬리에서 제일 많이 사는 최애템입니다. 1인분 국물에 면 2개 넣어서 둘이 한끼 먹고 남은 1인분 국물에 당면사리 계란물 살짝 넣어 짬뽕밥 해먹으면 가성비도 챙길 수 있어요,",0,0,중립
137606361,2026-09-08T17:17:18,손**,워낙 유명한거라 시켜봤는데 국물이 정말 깊고 얼큰해서 매장에서 먹는 맛 못지않습니다. 면발도 불지 않고 탱글탱글함이 유지되어 씹는 맛이 훌륭해요. 해산물 풍미가 진하게 느껴지고 끝맛이 깔끔해 밥까지 말아 먹게 됩니다. 간편하게 맛있는 짬뽕을 집에서 먹기 딱이에요,4,0,긍정
131769077,2026-03-13T21:45:40,김**,"우선 면 전용 팩 2개, 양념팩 2개 이렇게 있었는데 당일 아침에 냉장고에 옮겨뒀다가 저녁이 먹으니까 적당히 해동되고 좋더라구요! 면도 중식면이고 뜨거운물에 넣자마자 스르륵 풀리고 쫀득쫀득하더라구요?! 면이 무게감이 있었습니다. 면은 따로 끓는에 익혀주고 양념팩은 그대로 끓여주면거 저희는 우삼겹이랑 양배추 대파 조금 넣어서 끓여줬습니다. 사실 따로 추가 재료 없이 조리해도 충분할 정도로 내용물이 엄청 알찼어요!! 국물은 정말 찐하고 맛있었습니다. 평소 집에서 짬뽕을 자주해먹는데 녹진한 느낌이 없어서 아쉬웠거든요. 근디 이건 깊고 진한맛이 정말 맛있었습니다. 앞으로 항상 쟁여두고 먹을 제품이에요!!",2,1,긍정
137544942,2026-09-06T20:34:15,박**,"지인한테 추천받아서 구매했는데 대만족입니다! 사실 목란 짬뽕 주문하려고 컬리 깔았어요 ㅎㅎ 기대 이상으로 너무 맛있었어요~ 국물 진하고 해산물, 고기, 야채 건더기 듬뿍이라 든든하게 먹었어요! 꿀팁은 대패나 차돌 구워서 곁들여먹으면 더욱 맛있습니다 :) 또 재구매할게요!",6,0,긍정
131353622,2026-02-26T18:27:33,최**,"짜장면이 너무 만족스러워서 기대 반 설렘 반으로 백짬뽕도 주문해봤는데요… 이건 또 다른 감동이네요. 국물 한 숟갈 뜨는 순간 “와…” 소리가 절로 나왔습니다. 깊고 진한 육수 맛이 확 올라오는데, 인위적인 느낌 없이 깔끔하게 떨어집니다. 자극적이지 않으면서도 풍미는 꽉 차 있어서 웬만한 중국집 백짬뽕보다 훨씬 완성도가 높다고 느꼈어요. 면도 정말 인상적이었습니다. 집에서 조리했는데도 식당에서 바로 삶아 낸 면처럼 탱글하고 쫄깃합니다. 국물과 따로 놀지 않고 자연스럽게 어우러져서 마지막 한 젓가락까지 맛있게 먹었습니다. 솔직히 “이게 밀키트 퀄리티가 맞나?” 싶을 정도입니다. 짜장에 이어 백짬뽕까지 성공이라니, 이제는 믿고 주문할 것 같아요. 재구매 의사 확실합니다. 냉동실에 상시 대기시켜 두고 싶은 메뉴입니다.",4,5,부정
132516759,2026-04-09T17:30:44,김**,"집에서 간편하게 짬뽕 먹고 싶어서 이연복 셰프님의 목란 짬뽕 마일드 버전 구매해봤어요! 일단 마일드라서 맵지 않을까 걱정했는데, 완전 밍밍한 느낌이 아니라 적당히 칼칼하면서도 부드러운 국물 맛이라 누구나 먹기 좋았어요. 일반 짬뽕보다 자극적이지 않고 깔끔한 느낌이라 속 부담도 덜한 편이에요. 국물은 해물 베이스라 깊은 맛이 나고, 끓일수록 더 진해져서 만족스러웠어요. 면도 쫄깃해서 밀키트 느낌보다는 약간 식당 느낌도 나더라구요. 조리 방법도 간단해서 물 끓이고 재료 넣으면 끝이라 요리 초보도 쉽게 만들 수 있어요. 다만 기본 구성만으로는 살짝 심플한 느낌이라 오징어, 새우, 채소 같은 재료 추가하면 훨씬 맛있게 즐길 수 있어요. 양은 2인분 기준으로 둘이 먹기 딱 적당하고, 국물까지 먹으면 꽤 든든한 편이에요. 맵찔이거나 자극적인 짬뽕 부담스러운 분들께 추천드리고, 집에서 간편하게 중식 느낌 내고 싶을 때 만족도 높은 제품입니다!",9,4,긍정
130945648,2026-02-09T21:26:37,김**,"예전에 먹어봤는데 맛있어서 이번에 또 시켜봤습니다 매운걸 조아해서 기본으로 시켰고 첫 조리때 양파만 추가해서 먹어봤습니다 조리 설명서에 냉장해동 추천이였는데 깜빡해서 그냥 뜨거운물에 해동하고 바로 끓여봤습니다 면발은 그냥 눈으로 봐도 탱글탱글하더라구요 기본으로 들어가있는 고기,해물과 야채양도 많았습니다 해물도 새우는 좀 작았지만 오징어, 홍합은 큼직큼직하더라구요 ! 양파,애호박,버섯도 들어가있습니다 국물도 저한테는 딱 적당하게 매우면서 불향나지않고 깔끔해서 좋았습니다 매운거 못드시는 분들은 무조건 마일드 드세요! 한번 맛있게 먹고 두번째에는 마지막사진에 나온것처럼 따로 양배추,애호박,양파,해물믹스 잔뜩 넣어서 먹었는데 과유불급이더라구요ㅠㅠㅠ 맛있게 나온 제품이라 딱 정량만큼 그정도로 먹는게 제일 맛있었습니다 추가하자면 양파정도만? 맛도 그렇고 가격도 시중에 파는것보다 훨 저렴하니 쌓아놓고 먹어도 좋을것같아요!",6,1,긍정
137299489,2026-08-30T16:06:20,국**,두번째 재구매입니다! 비도오고 배송오자마자 바로 점심에 해먹으니 여전히 맛이 좋았어요!👍🏻👍🏻 유명한 셰프들 이름걸고 나온 레트로 식품중에 이연복셰프 제품이 다른분들 후기도 그렇고 제 입맛에도 제일 맛있는것 같네요ㅎㅎ,3,0,긍정
131154650,2026-02-18T22:19:31,문**,"유명한 이연복 셰프님의 목란 짬뽕 드디어 구매해봤어요💕 워낙에 짬뽕을 좋아하는 짬뽕마니아라서 중국집가면 고민없이 항상 짬뽕을 시키는데 요즘 외식물가 너무 올라서 집에서 먹어보려고 구매했어요! 제가 가는 짬뽕집 짬뽕 한그릇이 12000원 이거든요, 가족끼리 외식가면 짬뽕 두그릇에 탕수육, 아이 먹을 짜장면 한그릇 시키면 오만원이 훌쩍 넘는데 목란짬뽕 2인분이 짬뽕 한그릇과 비슷한 가격이라 진짜 가성비 최고예요👍 짬뽕 국물만 해동해두면 면은 바로 삶아주고 국물 팔팔 끓여서 부어주기만하면 완성입니다❤️ 조리법 간단하고 일단 비주얼적으로도 너무 훌륭해요! 오징어, 홍합 등등 해산물 건더기와 고기도 푸짐하게 들어있고 맵찔이라 마일드로 주문했는데 적당하게 매워서 만족스러워요:) 짬뽕 사먹으러 나가지 않아도 가성비 좋고 맛있는 짬뽕을 집에서 즐길 수 있다니 너무나 행복해요🥹 돼지고기도 컬리에서 구매해서 찹쌀가루 + 전분가루 섞어 바삭하게 찹쌀탕수육까지 만들어먹으니 우리집이 중국집이네요ㅎㅎ 짬뽕 좋아하시는분은 꼭 구매해서 드셔보시면 만족하실거예요!",8,5,긍정
136914621,2026-08-18T19:51:09,한**,냉동제품 종이포장이지만 녹지않고 잘 도착했어요.종이포장이 넘 맘에들어요. 한번 맛보고 맛있어서 또 주문했어요.,1,0,긍정
134416521,2026-06-08T17:04:15,임**,"서서 먹는 맛집 목란의 품격을 집에서 그대로! 묵직하고 깊은 국물과 쫄깃한 면발의 조화가 예술인 최상급 냉동 짬뽕입니다. 🍜 완벽한 주말 특식! ​평소 주말 점심이나 늦은 저녁 시간에 배달 음식을 시키자니 대기 시간도 길고 배달비도 아까워 고민할 때가 많은데, 이연복 셰프의 목란 짬뽕 냉동 밀키트는 그런 고민을 완벽하게 해결해 주는 프리미엄 간편식입니다. 매운 음식을 아주 잘 먹지는 못하는 아내와 아이들의 입맛을 고려하여 '마일드' 버전으로 주문했는데, 자극적이거나 고통스럽게 매운맛은 싹 빼고 짬뽕 특유의 깊은 풍미와 기분 좋은 칼칼함만을 살려내어 첫 입부터 마지막 국물 한 방울을 삼킬 때까지 감탄을 금치 못했습니다. 2인분 구성이라 부부가 한 끼 식사로 든든하게 나누어 먹기 아주 넉넉한 황금 용량입니다. ​이 제품의 가장 큰 감동 포인트는 팩을 뜯었을 때 쏟아져 나오는 부재료의 푸짐함에 있습니다. 일반적인 저가형 레토르트 짬뽕들은 국물만 가득하고 건더기는 시들한 채소 조각 몇 개가 전부인 경우가 허다한데, 목란 짬뽕은 도톰하게 썰린 오징어와 야채, 돼지고기가 정말 아낌없이 묵직하게 들어있습니다. 원재료 고유의 식감이 고스란히 살아있어서 씹는 재미가 아주 쏠쏠합니다. 냄비에 붓고 바글바글 끓여내면 온 집안에 중식당 주방에서 방금 막 불을 피워 볶아낸 듯한 은은하고 깊은 불향이 향긋하게 퍼지는데, 맛을 보기 전부터 식욕을 사정없이 자극합니다. 사골을 베이스로 한 국물은 아주 깊고 진해서 한 입 머금으면 가슴속까지 시원하게 풀리는 깊은 풍미를 자랑합니다. ​면발 역시 칭찬을 아낄 수 없습니다. 신선하게 급속 냉동된 중화면은 끓는 물에 살짝 삶아서 진한 국물에 토렴하듯 섞어 먹으면 퍼지지 않고 쫄깃쫄깃하면서도 탱글탱글한 면발 고유의 찰진 식감이 마지막 한 가닥을 먹을 때까지 그대로 유지됩니다. 면발 표면에 진한 국물이 겉돌지 않고 쏙쏙 잘 배어들어 중식 장인의 손맛을 온전히 느낄 수 있습니다. 면을 다 건져 먹고 남은 진하고 묵직한 국물에 오뚜기밥을 반 공기 말아서 슥슥 비벼 먹으면 유명 중식당 코스 요리가 부럽지 않은 완벽한 포만감을 선사합니다. 집에서도 간편하게 전문점 퀄리티의 중식을 실패 없이 즐기고 싶으신 분들의 냉동실 필수 비상식량으로 적극 추천합니다.",14,4,긍정
133926587,2026-05-25T16:07:00,장**,늘 고민만하던 이연복의 목란 짬뽕. 기본 맵기로 시켜봤습니다. 면도 육수도 토핑 구성도 뭐하나 빠질거 없이 훌륭합니다. 고기랑 홍합이랑 오징어등이 잘 들어가 있습니다. 맵기는 신라면 정도? 맵찔이면 좀 매우실거에요. 면의 양도 너무 적지않고 적당해서 좋습니다. 물 약간이랑 양배추좀 썰어서 넣으니 더 맛있더라구요. 뻘뻘 땀흘리며 먹는 여름 짬뽕 완전 추천합니다 ㅎㅎ,3,2,긍정
132851721,2026-04-20T17:24:43,차**,짬뽕 재구매했습니다. 어머니 아버지가 옛날에 맛있었다고 해서 다시 재구매했습니다. 건더기가 많고 조리가 간편해 좋습니다. 매운맛 아닌 것 선택할 수 있어서 좋았습니다. 저는 마일드를 선택했는데 개운하게 약간 매운맛입니다. 국물에 밥 넣어서 먹으면 짬뽕 밥으로도 할 수 있습니다. 2인분이지만 국물도 많고 건더기도 많아 밥도 먹고 면도 먹고 하면 3인분은 충분히 됩니다. 짬뽕은 웬만한 중국집보다 건더기 많고 깔끔하고 맛있습니다. 중국집 위생이 걱정되어 안 시켜 먹은 지 좀 됐는데 밀키트로 충분히 해소됩니다. 저와 같은 고민이시라면 무조건 드셔보시라 추천합니다.,7,0,긍정
132512605,2026-04-09T15:13:30,이**,이연복 목란 짬뽕과 목란 짜장은 한번 먹어본 후로는 꾸준히 주문하는 품목입니다. 냉동제품이라 바로 못 먹어도 냉동실에 쟁여 놓으면 언제든 바로 해 먹을 수 있어서 편리합니다. 냉동실에 늘 있어야 마음이 편해요. 칼칼한 국물에 고기와 해물의 조합이 너무 맛있어요. 저는 여기에 새우나 목이 버섯등을 추가해서 먹기도 합니다. 매운거 잘 못먹는 아이는 순두부를 추가해주면 칼칼한 국물과 순두부의 조합이 매운도 중화 시켜주고 다양한 맛을 즐길 수 있어서 좋아요. 양도 많아 다른 사이드와 함께 먹으면 두 명이서도 배 부르게 먹을 수 있어요. 목란 짜장과 만두등 같이 먹을때는 세명이 나눠 먹을 수 있어요. 사진은 딸아이 식사 사진이라 양이 반정도 되는 양입니다.,3,2,긍정
137236238,2026-08-28T13:48:27,박**,"요 제품과 철가방님 짬뽕 함께 구매해봤는데요 두 제품 모두 맛나네요^^ 차이점은 요 제품이 고기 육수의 깊은 맛이 더 있는 편이고, 면이 좀 더 두툼하고 양이 많아요 그리고 내용물 종류도 훨씬 다양합니다 어쨌든 두 제품 모두 사 먹는 것보다 훨~~~씬 맛나고 좋네요^^",1,0,긍정
130738584,2026-02-02T23:58:25,이**,"개인적으로 목란 짜장을 더 자주 먹긴하는데 추울 땐 역시 짬뽕이지요. 목란 짬뽕은 그냥 괜찮은 정도가 아닌, 정말 잘 만든 상품이라고 자신있게 말할 수 있어요. 쫄깃한 면발에 매콤하고 진한 짬뽕국물의 중독성있는 맛! 큼직한 채소와 해물, 고기가 가득~ 어디 흠잡을 데가 없답니다. 먹는거에 진심이라 보통 집에 있는 식재료를 추가해서 먹는 편인데 목란 짬뽕 먹을 때는 다른 부재료 추가없이 그냥 먹어요. 맛있게 매콤한 오리지널 짬뽕 한그릇 뜨끈하게 먹고나면 덜 추워요.ㅎㅎㅎ 내용물이 탱글하니 크기가 있어서 씹는 식감도 있고 다채로와서 쏙쏙 골라먹는 재미도 있구요. 조리도 간편하고 맛도 좋으니 꾸준구매템이예요. 중국집보다 더 맛있는 짬뽕을 집에서 편하게 드셔보세요~",4,2,긍정
135992289,2026-07-23T19:18:09,현**,웬만한 중식당에서 바로 시켜멱어도 이맛 따라잡기 힘든맛이네요~~~ 한개만 끓여서 신랑이랑 맛볼생각으로 둘이먹다 서로 많이 먹으려고^^ 숨넘어가는줄 알앗어요 ㅋㅋㅋ 밥두공기까지 말아먹엇네요~ 늠늠**♡ 맛나요 당연 재구매로 바로 시키면서 짜장면까지 주문 완료♡♡♡ 제대로 먹자싶어 춘장 양파또한 주문완료^^♡♡♡ 이연복님 식당에 한번가서 먹고싶을정도로요...진짜 맛나요~~~ 한톨도 안남기고 다흡입순삭^^ 그것도 저는! 짬뽕별로안조아하는1인입니다~ 잘먹엇어요^^♡ 맛난음식 만들어주신 이연복쉐프님 대박나세요♡ 🤣😅😂🤩🥰😍,2,3,부정
134644352,2026-06-14T17:57:22,동*,할인 가격으로 저렴하게 구매했어요 가성비 있는 느낌이라서 밖에서 사먹는 것보단 좋음! 엄청 매콤하지는 않고 살짝 국물이 겉 도는 느낌은 있지만 재구매 의사는 있어요,1,0,긍정
136928587,2026-08-19T04:00:18,김**,"잘받았습니다 목란 짬뽕 증말 맛나네요 건더기가 푸짐하지만 냉장고 안에 굴러다니는 채소, 가령 팽이버섯이나 알배추 청경채 등등 넣어 먹음 더 풍성하니 좋아요 아, 언제 먹지? 넘 맛있겠다~~",3,0,긍정
135680184,2026-07-14T12:56:36,최**,돌고돌아 짬뽕은 결국 이연복의 목란 짬뽕으로..! 다른 짬뽕 밀키트도 도전해보았지만 이연복의 목란짬뽕이 제일 맛있어요. 내용물도 가장 실하고 국물 진하기가 맘달라요! 오리지날은 개인적으로 많이 매워서 마일드로 정착했어요! 마일드도 적당히 칼칼해서 맛있게 매콤합니다. 목란 꿔바로우나 유린기를 사이드로 해서 같이 먹으면 둘이서 먹기 딱 좋아요~ 짬뽕은 이제 더이상 배달이나 가게가서 먹을일이 거의 없을것 같아요. 퀄리티도 너무 좋고 집에서 먹으니까 더 편하네요. 요즘엔 설거지도 식세기가 다 해주니까요. 세상이 참 좋아졌다는 생각을 목란 짬뽕을 먹으면서 하게되었어요~,5,3,긍정
130316070,2026-01-19T11:37:22,한**,"면과 국물을 따로 조리하는 방식이라 번거로울 줄 알았는데, 막상 해보니 간단했고 오히려 맛이 더 잘 살아나는 느낌이었어요. 🤌🏻조리 방법 냄비에 짬뽕 국물을 넣어 끓인 뒤, 끓기 시작하면 약 4분 정도 더 끓였습니다. 면은 별도로 끓는 물에 2분간 데쳐 물기를 빼고 그릇에 담은 후 국물을 부어 완성했어요. 🤌🏻면을 따로 준비했는데도 국물이 잘 배어 있어서 인상적이었고,국물 맛이 깊고 진해 밀키트라는 느낌이 거의 들지 않았어요. 오리지널 기준으로 첫 입에 살짝 매콤해서 기침이 한 번 나오긴 했지만, 자극적이거나 불쾌한 매운맛은 아니고 먹고 나서 오래 남는 매운맛도 아니라 부담 없이 먹기 좋았어요. 건더기도 넉넉하게 들어 있어 국물, 면, 재료의 균형이 잘 맞는 짬뽕이었습니다. 집에서 간단히 조리했지만 완성도 높은 한 끼로 충분히 만족스러웠어요",2,2,중립
136395750,2026-08-04T15:16:54,장**,재구매입니다 맛납니다 새우를 넣고 물좀넣고 후추를 넣어니 쵝오입니다 ^^,1,0,긍정
137605320,2026-09-08T16:40:09,김**,이것저것 먹어봤는데 이연복짬뽕이 맛있어서 이걸로 정착해요 애들 자장먹고싶더할때 시켜먹으면 좋더라구요,1,0,긍정
131004233,2026-02-11T22:10:08,이**,한반 사먹어 보고 맛있어서 또 구매했어요. 컬리 외에는 가격이 꽤 비싸더라구요. 별다른 재료를 추가하거나 하지 않아도 맛있다는게 장점이고. 오리지널은 매콤합니다. 저는 차돌을 볶다가 편썰기한 애호박을 같이 볶아주고 뜨거운 물을 살짝 부어서 섞은 후에 짬뽕 국물을 붓고 팔팔 끓여줍니다. 물을 혹시라도 많이 부었다면 소금을 살짝만 넣어주면 딱 좋아요. 밖에서 한그릇 하는거보다 저렴하면서 고급진 짬뽕을 먹을 수 있어요. 면도 양도 많고 짬뽕밪으로 먹어도 맛있습니다. 집에 냉동 새우있으면 좀 넣어보시면 더 고급진 짬뽕으로 변쉰.,4,1,긍정
136366966,2026-08-03T20:13:11,채**,이연복목란짬뽕 알게 된 이후로 나가서 짬뽕 안사먹어요!! 면도 탱클 국물도 진하고 건더기도 많아서 진짜 최고!! 김밥이랑 같이 먹었더니 더 꿀맛이네용!!! 또 쟁여두게 할인해주세용~~,2,1,긍정
137476828,2026-09-04T17:37:41,박**,마일드로 주문했는데도 포장 뜯자마자 매운향이 확나고 매콤하네요~! 면도 탱글탱글하고 맛있어요! 건더기가 좀 적은게 아쉽지만 먹을만하고 맛있어요!,2,2,중립
137472038,2026-09-04T14:14:11,황**,후기가 좋아서 구입했는데 정말 맛있네요. 양파랑 양배추만 추가해서 먹었는데 자극적이지 않고 먹고 나서 속도 편안했어요.,2,1,긍정
129984801,2026-01-07T16:36:14,이**,이연복의 목란! 짬뽕 마일드 맛으로 구매했습니다! 평소 짬뽕을 좋아하지만 매운 건 잘 못 먹는 편이라 마일드로 선택했어요✌️ 맵찔이인 저한테도 먹을 수 있을 정도의 매운맛이라 딱 좋았어요! 그렇다고 밍밍하지도 않아서 끝까지 맛있게 먹었습니다!! 국물 맛이 깊고 해물 향도 잘 살아 있어요! 집에서 끓였는데도 식당에서 먹는 느낌이 들었어용앞으로는 중국집 따로 안가도되지 싶네요ㅠㅠ 집에서 이렇게 간단하게 먹을수있다니! 면도 퍼지지 않고 쫄깃쫄깃했구요! 2인분이라 양도 엄청 넉넉했어요 배터져용 ㅎㅎ 조리법도 엄청 간단해서 바쁜 날이나 나가기 귀찮을 때 꺼내 먹기 좋은 제품입니당!! 국물은 해동 후 4-5분간 끓여줍니다. 면은 끓는물에 넣어서 2-3분간 익혀주면돼요 그릇에 면 담고 국물 담으면 끝! 완전 간단하죠!? 간편해서 만들기 쉬워요 굿👍 ✨새우랑 표고버섯 대파 추가해서 먹었더니 더 푸짐하고 맛있게 먹었습니다^^,9,0,긍정
129983669,2026-01-07T15:41:56,정**,"컬리에서 제일 애정하는 *이연복의 목란 짬뽕 마일드 맛:) *조리방법* 포장지를 뜯으면 육수와 면이 들어있어요. 총 2개입 . 저는 마일드 맛 구매했습니다 . 일반 짬뽕맛이에요 덜 매운맛 ! * 기본 육수에도 홍합 / 고기 / 각종 야채 다 들어있습니다 . 저는 쩝쩝박사 지망생에 돼지력이 강해서 #컬리호주산소고기샤브샤브 와 느타리버섯 / 청경채 / #컬리손질생새우살 / 양파 채썰어서 넣어줬어요 . 1인분 맞습니다 :) 저는 해동따위 성격이 급해서 기다리지 못하기 때문에 바로 냄비에 꽁꽁 얼어버린 육수를 통째로 집어넣었어요 . 여기서 하나 꿀팁을 알려드리자면 , 물을 아주 살짝 같이 넣고 끓여주시면 빨리 녹는답니다 ~ 나는야 우리집 돼지사 ~ :) 면은 딱 2분만 삶아줄 것이기 때문에 육수가 다 녹을 때 까지 기다려줍니다 . 생후추도 갈갈갈 넣어주고요 . 이대로 야채 숨이 죽을 정도로만 끓여주세요 . 그리고 저는 후추러버라서 모든 음식에 다 후추가 들어간다고 보심 됩니다요 :) 면 삶은 시간은 2분을 철저히 지키고 싶은 마음 . 목란 짬뽕 면은 따로 해동할 필요 없이 그냥 끓는 물에 2분 정도 잘 풀어 준 다음 바로 드시면 됩니다 . 저는 면에 국물이 간이 배이는 것을 좋아해서 궁물 안에서도 살짝 끓여줘요 ~ . 이제 다 준비가 되었어요 . 왼쪽의 면을 오른쪽에 합체시켜주면 정말로 끝 ~ 저는 재료 준비하고 끓인 것 말고는 단 1도 한 것이 없습니다 . 자 이제 그릇에 옮겨담아볼게요 :) *맛평가* #이연복의목란짬뽕마일드맛 의 맛은 , 우선 저는 매운 음식을 잘 먹는 사람으로써 하나도 맵지 않은 맛입니다 . 그냥 일반 짬뽕 맛으로 생각하시면 되는데 뭔가 묵직한 맛 하나가 탁 칩니다 . 고기와 해물 두 가지를 베이스로 육수를 만든 것 같아요 / 목란만의 맛이 있달까 .. .? 여튼 계속해서 땡기는 맛입니다요 . 조리방법도 너무나 간편하고 , 외식 대비 가격도 저렴한 편이니 컬리템으로 꼭 하나씩은 쟁이십쇼 !",2,0,긍정
137418432,2026-09-02T21:41:57,이**,밀키트인데 맛이 훌륭해서 늘 비상용으로 하나씩 사놓고 있어요 컬리에서만 파는 상품은 늘 평타는 쳐서 믿고 삽니다 ㅎㅎ,1,0,긍정
136653236,2026-08-11T00:50:45,조**,"평소 짬뽕을 좋아해서 집에서도 간편하게 맛있는 짬뽕을 먹고 싶어 구매했는데, 역시 이연복 목란 제품답게 만족도가 높았습니다. 밀키트라 조리 방법도 어렵지 않고 간단하게 준비할 수 있는데, 완성하고 나니 집에서 먹는 짬뽕이라고 생각하기 어려울 정도로 맛이 좋았습니다. 국물은 얼큰하면서도 깊은 감칠맛이 잘 느껴졌고, 단순히 맵기만 한 자극적인 맛이 아니라 해물과 재료에서 우러난 풍미가 잘 어우러져 있어서 마지막 국물까지 맛있게 먹었습니다. 면도 쫄깃한 식감이 살아 있어 국물과 함께 먹으니 정말 잘 어울렸고, 건더기도 적당히 들어 있어 한 끼 식사로 부족함이 없었습니다. 특히 집에서 짬뽕이 먹고 싶을 때 복잡하게 재료를 준비하거나 오래 끓일 필요 없이 간편하게 조리할 수 있다는 점이 마음에 들었습니다. 냉동실에 보관해 두었다가 생각날 때 꺼내 먹기에도 좋아서 더욱 만족스럽네요. 집에서 간편하게 중식당에서 먹는 듯한 짬뽕을 즐기고 싶다면 재구매하고 싶은 제품입니다. 맛과 편리함 모두 만족스러워 앞으로도 종종 주문해서 먹을 것 같습니다. 맛있게 잘 먹었습니다!",16,3,긍정
136252911,2026-07-31T17:19:48,노**,남편이 짬뽕을 좋아하는데 목란 짬뽕이 맛있다 해서 사봤어요 근데 너무 맛있다고 좋아해서 재구매했습니다 재료도 알차고 그냥 사먹는것보다도 저렴한데 퀄리티는 같거나 그 이상이에요 ㄷㄷ,5,0,긍정
137359959,2026-09-01T10:44:50,김**,홍합도 많이 들어가있고 양도 많고 매콤해요. 약간 스트레스 받거나 요즘같이 비오는날 먹기 좋네요. 밥통 비었을때 호다닥 해먹기 최고요!,1,0,긍정
137352630,2026-09-01T03:51:51,노**,너무 맛있어요...!! 무조건 재구매 각 면이 너무 맛있고 건더기도 많아서 짬뽕밥까지 해먹으면 배터집니다. 터지는데도 들어가는 맛,3,0,긍정
137327554,2026-08-31T12:27:33,김**,"집에 있는 숙주, 새우 더 넣어서 푸짐하게 먹었어요! 살짝 매콤해서 매운거 잘 못드시는 분들은 순한맛으로 주문하세요!! 시켜먹는 것보다 맛있습니다~",2,0,긍정
137321640,2026-08-31T08:43:36,정**,"쟁여두고 먹는 목란 짬뽕!!!!! 짬뽕중에 제일 입맛에 맞고 면도 쫄깃해서 배달음식 안먹고 이걸로 먹어요😍😍😍 바지락,숙주,양파 추가해서 먹으면 더 맛있어요!!",2,0,긍정
129879344,2026-01-04T00:34:35,장**,"컬리 첫주문으로 선택한 메뉴였는데 역시나 엄청난 리뷰들이 쌓인 이유를 알 수 있었습니다. 아낌없이 들어가있는 부재료들 시원하고 진한 국물, 바로 꺼내자마자 삶았는데 쫄깃해서 놀란 면발.. 역시나 너무 맛있다 맛있다 감탄하며 먹었어요. 먹자마자 오리지널,백짬뽕도 궁금해져서 주문했네요! 매운거 잘 못드시는 분들은 마일드로 충분히 맛있게 드실 수 있을것같아요. 저도 후기들 참고해서 마일드로 주문했는데 딱 적당히 맛있게 매콤하고 깔끔한 짬뽕이라서 너무 만족스럽게 먹었습니다. 요즘 날씨랑도 딱이라서 앞으로 자주 주문할것 같아요.",6,1,긍정
137658205,2026-09-10T00:17:49,고**,짬뽕을 좋아해서 검색해보다 첫구매 입니다 국물이 찐하고 걸쭉한 느낌이에요 건더기도 골고루 들어있네요 저는 면*랑 해물짬뽕을 즐겨먹는데 국물 느낌이 다르네요 깔끔한 국물을 좋아하는 분들이라면 약간 호불호가 있을거 같네요,2,0,긍정
133859227,2026-05-23T20:17:55,최**,우리집 재재재구매템.. 휴일이라 목란짬뽕 후딱 끓이고 집근처 중국집에서 탕수 소짜사서 둘이먹으니 꿀맛이네요~ 건더기도 많은편이고 엄청 칼칼해서 잘먹었어요. 다진마늘이랑 후추좀 추가하고 면은 따로 데친후 찬물에 샤워를 좀 시켜야 좀더 탱탱한거 같아요,1,1,중립
133183278,2026-05-02T19:51:46,정**,이연복의 목란 짬뽕 2인분 국물 면 해동시키니 맛좋은 짬뽕이 완성되네요 국물맛도 면도 통통하고 부드럽고 작게 썰어진 고기까지 아주 맛있게 먹었네요 재구매 할만한 좋은가격 맛있는 제품이네요,3,0,긍정
132975182,2026-04-24T22:40:10,차**,빠른배송 언제나 감사합니다. 예전에 먹어보고 오랜만에 주문했어요. 이연복짬뽕면 오리지널로 주문했는데 알싸하게 매우면서 깔끔한맛이에요. 국물 텁텁하지 않고 끝까지 다 먹어지네요. 우리딸램이 좋아해서 시킨건데 정말 맛있어요. 군대 휴가 나온 이들램도 출출할때 해주려구요.^^ 진짜 맛있고 간편하게 생각날때 한그릇 짱입니다! 요건 강추 해야겠지요.^^,4,1,긍정
137549859,2026-09-06T22:14:01,최**,이연복 짬뽕 밀 키트 먹고 생각보다 밀 키트 치고 너무 맛있길래 밀 키트에 대한 선입견이 없어져서 다른 짬뽕 밀 키트들도 궁금해서 하나씩 다 먹어 봤는데요 이연복 짬뽕 밀 키트가 제일 맛있네요,2,0,긍정
137525759,2026-09-06T10:08:00,이**,컬리에서 같이 산 홍합도 가득 넣어주니 밖에서 사는 비주얼이 나오네요! 얼큰하고 맛잇어요 ㅎㅎ 식단하느라 중식은 쳐다도안봤는데 아침에 먹으면 괜찮지않을까하는 생각에 주문해봤어요! 만드는 법도 간편하고 맛도 사먹는 맛 아니 웬만한 짬뽕집보다 낫네요,1,0,긍정
137523520,2026-09-06T08:53:43,이**,지인이 추천해줘서 사먹게된 이연복 목련 짬뽕 여는 짬뽕집에서 먹는것보다 훨씬 퀄리티 높은 상품이에요 딸어지면 또 사고 또사고 중독됐어요 맵기도 원하는 단계라 최고입니다 그냥먹어도 맛있고 재료 추가해서 막으면 더욱더 맛있는 짬뽕이에요 냉동실에 항시 쟁여둠,4,0,긍정
130589396,2026-01-29T00:05:38,이**,"🫕 이연복의 목란 짬뽕 2인분 오리지널 💜 컬리는 자주 애용하고 있었어서 순위권에 자주 올라오는 목란짬뽕은 잘 알고 있었어요. 근데 짬뽕은 중국집가서 먹어야 제맛이지~ 라는 편견에 눈으로만 보고있었는데요. 우연히 그냥 궁금해서 시켜나볼까 했는데 와우…. 요즘 밀키트 대단하다… 지금 몇번째 시키는지 모릅니다. 대만족 👏🏻👏🏻👏🏻 매운 거 좋아하는데 매콤칼칼 해장으로도 딱이에요. 🥢 짬뽕 조리법 1. 우선 냄비2개 준비, 하나는 국물, 하나는 면삶기용 2. 충분히 해동시키라는데 솔직히 미리 잘 안해놓잖아요? 그냥 물에 짬뽕국물 담가놔요. 금방 녹아요. 3. 적당히 녹았다 싶으면 냄비에 넣고 끓입니다. 4. 그러고, 다른냄비에 면을 삶아요. 제가 귀찮아서 국물끓이는 냄비에 같이 면을 넣어봤는데 국물이 많이 쫄아요. 꼭 따로 삶으세요. 5. 팁은 청경채 좋아하시면 추가로 넣으셔도 좋고, 그냥 먹어도 상관없어요. 그냥 완성품이거든요. 6. 마지막으로 국물에 밥도 말아먹으면 끝! 저는 남편이랑 1인분 끓여서 먹는데 밥 말아먹으니깐 딱이더라고요. (참고로 저희 많이,잘 먹어요 🤭)",3,1,긍정
134248424,2026-06-03T17:27:52,박**,역시 쉐프님의 짬뽕 맛있네요 취향따라 더추가해서 드시면 되지만 그대로도 많은 재료들이 들어있어요 매운걸 잘먹지못하는 가족이지만 너무 맛있고 든든하게 먹었습니다,2,0,긍정
137475738,2026-09-04T16:46:58,송**,매번 시켜먹지만정말 맛있어요 요즘 중식당가면 가격도비싼대 2인분에 이가격이면 정말 너무혜자고 맛퀄리티 안떨어지고 면이 너무탱길해서 저흰이제 집에서즐겨요 그리고 제가 각갑류알러지가 있는데 여긴 알러지반응이없어서 너무잘먹고있어요,1,0,긍정
137467532,2026-09-04T11:19:34,김**,컬리에서 워낙 유명하기도 하고 맛있어서 종종 구매해 먹어요. 좋아하는 새우랑 오징어 해산물과 버섯 추가해서 먹으면 푸짐하고 너무 맛있어요. 중국집 값은 오르고 맛있는데 찾기가 어려운데 짬뽕 먹고 싶을때 애용합니다.,5,0,긍정
137122142,2026-08-24T20:41:58,이**,집에서 간편하게 짬뽕을 먹을 수 있어서 좋네요 짬뽕 먹기까지 5분도 안 걸린다는게 그저 놀랍ㅎ 다만 면이 우동 같아서 아쉽,1,1,중립
134829287,2026-06-19T19:09:13,강**,"이연복 목란 짬뽕은 평소에도 궁금했던 제품인데 직접 먹어보니 왜 인기가 많은지 알 것 같았어요. 조리도 간편한 편인데 국물 맛이 생각보다 깊고 진해서 만족스러웠습니다. 얼큰한 맛이 기본적으로 느껴지면서도 해물과 채소에서 우러난 감칠맛이 잘 살아 있어서 국물만 계속 떠먹게 되더라고요. 면도 퍼지지 않고 쫄깃한 식감을 유지해서 좋았어요. 냉동 짬뽕 제품 중에는 면 식감이 아쉬운 경우가 많은데, 이 제품은 국물과 면의 밸런스가 잘 맞는 편이었습니다. 맵기도 너무 강하지 않아서 부담 없이 즐길 수 있었고, 적당한 칼칼함 덕분에 마지막 한입까지 맛있게 먹을 수 있었어요. 이번에는 꿔바로우와 함께 먹었는데 조합이 정말 좋았어요. 새콤달콤한 꿔바로우를 먹고 얼큰한 짬뽕 국물로 마무리하니 중식당에서 식사하는 기분이 들 정도였습니다. 집에서 간편하게 한 끼를 해결하면서도 만족감을 느낄 수 있는 제품이라 앞으로도 종종 구매해서 먹을 것 같아요.",8,2,긍정
132163464,2026-03-29T00:44:09,이**,"저는 맵찔이라서 오리지널은 좀 맵더라구요! 마일드가 저한테는 맞는 것 같네요 국물은 엄청 찐해서 웬만한 배달, 가게들에 비할 바가 아닌 것 같은 찐👍 특히 면이 정말 탱글탱글해요 이거 먹어보고 궁금해서 목란 밀키트 종류별로 시켜봤는데 맛집이군요… 재구매 갑니다",2,1,긍정
137407624,2026-09-02T17:41:02,심**,전에 오리지날 먹고 이번엔 마일드로 시켜밨는데...맵찔이는 요게 딱! 야채추가해서 먹어도좋고 그냥 해서 밥이나 동봉된 면이랑먹어도 좋음..소량분리되있어 따로먹기도좋고..담에 또 재구매해야겠음요...살짝 매콤한 향은있지만 딱좋아요 맵진않음...맛있어요,3,0,긍정
137407155,2026-09-02T17:20:04,김**,목란 짬뽕 적당히 얼큰하고 좋습니다. 다른 브랜드 짬뽕이랑 번갈아 주문하는데 요게 더 손이 가긴 합니다. 목란 짬뽕 적당히 얼큰하고 좋습니다. 다른 브랜드 짬뽕이랑 번갈아 주문하는데 요게 더 손이 가긴 합니다.,0,2,부정
137395898,2026-09-02T09:41:05,윤**,와..대박. .맛잇네요ㅎㅎ 새벽배송하고 오는 신랑해주려고 삿어요~사실 아침에 아이들 밥도 해야하고 신랑퇴근하고오면 밥도 해야되고 간단히 하자 해서 가벼운맘으로 삿는데 짱맛있어요!!! 신랑도 그냥 중국집시킨거 같데요 사실은 면 따로 끓이랫는데 저는 시간없고 ㅋㅋ귀찬아서 국물끓인다음에 바로 면 투하 햇는데도 ㅋㅋㅋ맛잇던데요?ㅎㅎ,2,0,긍정
134752033,2026-06-17T14:10:10,강**,주말 아점으로 해장겸 저렴하게 한끼 잘 먹었습니다 ㅎㅎ 라면 끓이는것만큼 쉬웠어요! 평소 매운걸 진짜 못먹어서 마일드로 시켜봤는데 많이 맵지않게 먹을수 있어서 좋았고 면발이 특히 부드러워서 놀랐어요!! 집근처에서 만원넘게 주고 사먹는 짬뽕보다 해물이 많아서 푸짐하게 잘 먹었습니다. 외식해서 짬뽕에 볶음밥까지 먹으면 얼추 2~3만원 기본으로 나오는데 요즘 컬리에서 냉동식품으로 외식안하면서 저렴하게 맛있는 한끼 간단하게 차려먹을수있어서 식비도 아끼고 너무너무 만족하면서 음식하고 있습니다~!,4,1,긍정
137372727,2026-09-01T18:44:49,이**,아빠는 짜장면을 저랑 엄마는 짬뽕입니다..오리지널은 저는 좋은데 엄마가 너무 맵다고 하셔서 늘 백짬뽕 주문했는데 이번에는 마일드 주문해봤어요..매운것 못드시는 엄마도 부담없이 잘 드시더라구요,0,1,부정
132185147,2026-03-29T22:13:19,오**,이연복 셰프가 만들거라 처음 구매해서 먹어보니까 짬뽕이 국물별루없는게 볶음짬뽕을로생각할정도여,0,0,중립
136949139,2026-08-19T19:22:57,서**,우연히 알게된 이연복 목란짬뽕 처음 맛본뒤 가끔 먹고 싶어서 냉동실에 쟁여두는 템이 되었어요 국물맛이 어떤 중국집보다 진하고 깔끔해요,1,0,긍정
135785912,2026-07-17T17:28:26,한**,밀키트라서 구매를 망설였어는데 후기가 좋아서 구매 했어요 넘 맛있고 맵기는 조금 저한테는 강한데 남편은 넘 맛있게 매운맛이라 좋다고 하네요 역시 소스 재료도 세프다운 좋은 고기와 해물 야채가 정말 맛있고 신선합니다 짬뽕 먹고 싶을때 또 구매 해 뒀다가 막고 싶네요,5,0,긍정
137274627,2026-08-29T19:57:42,문**,밀키트를 잘 안사는 편인데 항상 컬리 밀키트 면부분 1위라고 해서 먹어보고 싶었어요~ 신랑이 면 매니아여서 사보았는데 진짜 왕추천! 집에있는 새우와 오징어링 그리고 청경채까지 더 넣어서 완성했는데 오리니지널 맛 진빠 칼칼하니 맛있네요~ 국물도 넉넉해서 한그릇 남겨서 다음날 짬뽕밥으로 차려주니 한끼 또 잘 해결했어요^^ 강추!,2,1,긍정
137271106,2026-08-29T18:16:35,임**,대박!! 보기에도 찌인해 보이는 짬뽕국물! 오리지날 맛이라 맵싹하고 건더기도 푸짐하고.. 짬뽕전문집에서 시켜먹는것 같아요. 동네 중국집들보다 훨맛있음. 남편이 또시키래요. 이제 중국집 배달은 금지 당했어요.,3,0,긍정
136115946,2026-07-27T15:11:32,정**,유명해서 컬리로 주문해보았어요 너무 궁금해서 폭염인데 이연복 짬뽕끓여보앗어요 레시피대로 햇구요 ~ 끓여진 짬뽕 국물에 면 넣은 사진입니다 기대이상으로 너무 맛잇고 얼마만에 이렇게 진한 짬뽕은 처음이에요 굿굿 최곱니다 밤중 야식에 짬뽕이 그립다면 추천! 얼큰하고 신라면보다 훨씬 매우면서도 숟가락이 계속 가네요 밥까지 말아먹음 요새 밀키트용 짬뽕 최고라는걸 실감합니다 남편에게 해줄때는 블로그 리뷰 까지 쓰려고요 국물 기가 막혀,4,0,긍정
134362400,2026-06-06T23:39:32,안**,"레토르트 상품은 항상 아쉬움을 남겨서, 여행을 가거나 급하게 간단하게 조리만 하고 싶을때 주문하는 편인데, 절대로 레토르트상품이 아닙니다. 너어무 간단한데, 너어무 맛있어요! 먼저, 아주아주 간단하게 요리할 수 있어요! 물끓이기만 할 줄 알면, 요린이들도 손쉽게 할 수 있습니다! 키포인트는 조리법을 꼭 잘 지켜야 한다는점~ 속재료가 너무 든든해요! 홍합 오징어 고기 호박 양파 버섯등등 건더기가 매우 푸짐하고, 면이 확실히 중화면인데 부들 쫄깃 아주 만족스러워요! 야채 좋아하시는 분들은 배추나 양파등 더 많이 넣으셔도 될것 같아요! 그러다 보니, 맛이 좋은건 두말하면 잔소리입니다! 고추기름 풍미가 싹 돌면서, 매콤 칼칼한데 짜진 않아요! 한데 넣고 끓이지 않는데도 면과 국물이 잘 어울립니다~ 결정적으로 이렇게 맛있는데 가격이 넘 착하잖아요! 심지어 여성분들은 세분이 나눠먹어도 될것같았어요! 매우 배부른 양이었거든요! 가격까지 좋은데 안살 이유가 있나요😉 다음번엔 백짬뽕도 도전해봐야겠어요! 일등하는데는 다 이유가 있네요~",6,2,긍정
134349360,2026-06-06T18:42:44,김**,"평소 짬뽕을 좋아해서 이것저것 많이 먹어봤는데, 이연복 셰프의 목란 짬뽕은 기대 이상이었습니다. 솔직히 냉동 제품이라 큰 기대는 안 했는데, 한 입 먹고 생각이 바뀌었어요. 국물이 진하고 깊은 맛이 나면서도 자극적이지 않아 끝까지 부담 없이 먹을 수 있었습니다. 특히 해산물의 감칠맛이 잘 살아 있어서 마치 중국집에서 갓 나온 짬뽕을 집에서 먹는 느낌이었어요. 면도 냉동 면 특유의 퍼지는 식감 없이 쫄깃해서 만족스러웠고, 조리법도 간단해서 바쁜 날 한 끼 해결하기 좋았습니다. 냄비에 끓이는 동안 퍼지는 짬뽕 향에 괜히 중국집 배달 앱을 켤 필요가 없어지더라고요. 오히려 ""배달 시킬 걸 그랬나?"" 하다가 ""아니네, 이걸로 충분하네"" 싶었습니다. 무엇보다 집에서 먹으니 취향에 따라 버섯,청양고추나 양배추를 추가해 먹을 수 있는 점도 좋았습니다. 냉동식품은 편의성만 보고 사는 경우가 많은데, 이 제품은 맛까지 챙긴 제품이라 재구매 의사가 충분합니다. 냉동실에 하나쯤 쟁여두면 비 오는 날, 귀찮은 날, 뜨끈한 국물이 생각나는 날 든든한 비상식량 역할을 톡톡히 해줄 것 같습니다. 짬뽕 좋아하시는 분들께 자신 있게 추천합니다.",10,1,긍정
134269499,2026-06-04T07:24:10,임**,"서서 먹는 맛집 목란의 품격을 집에서 그대로! 묵직하고 깊은 국물과 쫄깃한 면발의 조화가 예술인 최상급 냉동 짬뽕입니다. 🍜 완벽한 주말 특식! ​평소 주말 점심이나 늦은 저녁 시간에 배달 음식을 시키자니 대기 시간도 길고 배달비도 아까워 고민할 때가 많은데, 이연복 셰프의 목란 짬뽕 냉동 밀키트는 그런 고민을 완벽하게 해결해 주는 프리미엄 간편식입니다. 매운 음식을 아주 잘 먹지는 못하는 아내와 아이들의 입맛을 고려하여 '마일드' 버전으로 주문했는데, 자극적이거나 고통스럽게 매운맛은 싹 빼고 짬뽕 특유의 깊은 풍미와 기분 좋은 칼칼함만을 살려내어 첫 입부터 마지막 국물 한 방울을 삼킬 때까지 감탄을 금치 못했습니다. 2인분 구성이라 부부가 한 끼 식사로 든든하게 나누어 먹기 아주 넉넉한 황금 용량입니다. ​이 제품의 가장 큰 감동 포인트는 팩을 뜯었을 때 쏟아져 나오는 부재료의 푸짐함에 있습니다. 일반적인 저가형 레토르트 짬뽕들은 국물만 가득하고 건더기는 시들한 채소 조각 몇 개가 전부인 경우가 허다한데, 목란 짬뽕은 도톰하게 썰린 오징어와 야채, 돼지고기가 정말 아낌없이 묵직하게 들어있습니다. 원재료 고유의 식감이 고스란히 살아있어서 씹는 재미가 아주 쏠쏠합니다. 냄비에 붓고 바글바글 끓여내면 온 집안에 중식당 주방에서 방금 막 불을 피워 볶아낸 듯한 은은하고 깊은 불향이 향긋하게 퍼지는데, 맛을 보기 전부터 식욕을 사정없이 자극합니다. 사골을 베이스로 한 국물은 아주 깊고 진해서 한 입 머금으면 가슴속까지 시원하게 풀리는 깊은 풍미를 자랑합니다. ​면발 역시 칭찬을 아낄 수 없습니다. 신선하게 급속 냉동된 중화면은 끓는 물에 살짝 삶아서 진한 국물에 토렴하듯 섞어 먹으면 퍼지지 않고 쫄깃쫄깃하면서도 탱글탱글한 면발 고유의 찰진 식감이 마지막 한 가닥을 먹을 때까지 그대로 유지됩니다. 면발 표면에 진한 국물이 겉돌지 않고 쏙쏙 잘 배어들어 중식 장인의 손맛을 온전히 느낄 수 있습니다. 면을 다 건져 먹고 남은 진하고 묵직한 국물에 오뚜기밥을 반 공기 말아서 슥슥 비벼 먹으면 유명 중식당 코스 요리가 부럽지 않은 완벽한 포만감을 선사합니다. 집에서도 간편하게 전문점 퀄리티의 중식을 실패 없이 즐기고 싶으신 분들의 냉동실 필수 비상식량으로 적극 추천합니다.",14,4,긍정
133889854,2026-05-24T17:19:11,오**,후기가 많고 좋아서 주문해 봤어요! 마일드를 주문했어야 했는데 손이 미끄러지는 바람에 오리지널을 주문..ㅎ 평소 매운거 좋아하긴 하는데 잘 먹진 못해서 걱정 했어요. 따로 더 추가 안 해도 건더기 실하고 많아 보였지만 매운맛이 좀 중화될까 싶어 집에 있던 배추 양파 애호박 추가로 넣어줬어요. 부추로 데코하니 좀 더 그럴싸해 보여요. 짬뽕 정말 푸짐하고 먹기전엔 면 양이 살짝 많나? 싶었는데 녜..한그릇 뚝딱 했습니댜..ㅎㅎ 맵기는 불닭이랑 비슷한 수준인거 같아요. 바로 라떼로 속 진정 식히기~다음엔 마일드로 시켜보려구요!,3,0,긍정
133532306,2026-05-14T18:47:51,곽*,"맛있어요 이렇게 간단한 밀키트에서 어떻게 이런 맛이 날수 있는지….. 냄비하나로 정말 맛있고 간단하게 만들수 있어요 저는 면 먼저 삶고, 면 물가빼면서 소스 끓였는데 총 조리시간 10분이 안되네요^^ 고기랑 해물맛이 은은한 불맛이랑 어우러져 동네 중국집보다 훨씬 맛있어요 다음에 재구매는 물론이고, 짜장까지 구매하려구요 소스 해동은 자연해동이나 중탕해동도 괜찮은데, 빠른 조리를 위해 전자렌지에 5분 해동하니 적당히 녹았어요 일반 대접에 담다가 넘칠수 있을만큼 양도 많네요 어제 과도한 음주로 힘들었지만 맛에 이끌려 오늘도….",4,2,긍정
133224589,2026-05-04T08:59:06,김**,"내돈내산 찐리뷰 🫶🏻 지인 추천으로 먹었는데 일단 가격이 컬리가 가장 착해요 (s사는 22,000원) 짬뽕에 진심인 제가 인정합니다.. 솔직히 냉동짬뽕이라 기대안했는데 면이며 국물이며 웬만한 중화요리 전문점보다 나을수 있어요!! 진심... 뒷면에 적혀있는 레시피 그대로 제조해먹는게 가장 맛있습니다 컬리에 파는 한돈 등심탕수육도 냄새하나 안나고 찹쌀 쫄깃쫄깃해서 같이 먹으니 중국집 안가도됩니다 사실 먹다가 너무 배불러서 남겼는데 저녁에 재탕 해먹었어요 그래도 국물이 정말 일품이고 면을 도대체 어케 만든건지 퍼지지도 않아서 진짜 좋았습니다",5,3,긍정
132549409,2026-04-10T15:48:29,고**,"진짜 대박 너무 맛있어요… 자취하는 대학생에겐 가성비 존맛 레전드템이에요ㅜㅜ 밖에서 소고기 짬뽕 사먹으면 적어도 12,000원 넘어가는데 이건 두개해서 13,000원이라니 진짜 좋아요! 근데 가성비만 좋은게 아니고 진짜 맛있어요🥵 제가 매운 걸 좋아해서 하루에 적게는 한 번 많게는 세 번까지 먹는데 칼칼하고 매워서 해장에 딱인 맛이에요!!! 리뷰보고 밍밍하다는 분도 있어서 조금 걱정했는데 전혀 밍밍하지 않고 간도 딱 맞았어요. 또 저는 좁은 원룸에 사는 자취생이라,, 화구가 1개뿐이라서 면이랑 동시에 해야 맛있지 않을까 하는 걱정이 많았는데 면을 먼저 익히고 건져둔 후 짬뽕국물 데워서 넣었는데 너무 맛있었어요. 그리고 시험기간인 대학생분들 시간없잖아요.. 저도 오늘 과제 9시간남았는데 빠르게 밥을 먹어야 하는 상황이었어요 근데 냉장고는 텅텅 비었고 냉동에 컬리 제품만 있는 상황이라 해동을 못 한 상태여서 고민을 했는데, 국물 팩 채로 렌지에 해동누르고 10분정도 하니까 전혀 손색없이 맛있었습니다!!! 재구매 할 것 같아요💕",9,6,긍정
129529210,2025-12-21T23:59:28,혜**,"🍝저는 요똥이라 밀키트없이는 못사는 사람중 1명인데요! 밀키트 중 이연복의 목란 짬뽕은 처음으로 구매했습니다! ✔️조리 난이도 : 최하 솔직히 이름걸고 밀키트 나오는 제품은 싱겁거나?짜거나?실패할 가능성이 큰데~ 이 짬뽕은 진짜 리얼 맛입니다. 친구가 워낙에 소주파라 추천해줘서 ㅎㅎ 저도 이번에 구매해봤습니다! ✔️조리 간편성(진심 15분 컷!)-> 바쁜 평일 저녁이나 주말 점심에 호다닥 만들어서 먹기 딱이에요. 간편한데 맛까지 훌륭하니 사랑하지 않을수가 없습니다! ✔️맛*풍미-> 조리 후 한입 먹는 순간 와! 대박~~ 이건 그냥 동네 중국집 짬뽕?집보다 더 맛있어서 국물이 일품이였어요! 얼큰하면서도 깊은 맛이 느껴지고, 해산물과 야채가 품짐해서 국물이 시원하고 풍성했어요! 감칠맛이 폭발해서 해장용으로도 최고일 것 같아요! 개인적으로 저는 짜장면도 좋아하지만, 짬뽕이 더 맛있습니다. ✔️면*식감-> 가장 놀랐던 부분 중 하나가 면이었어요~ 밀키트 짬뽕면은 자칫하면 푹 퍼지기 쉬운데, 이 짬뽕은 면이 국물을 흡수하면서도 끝까지 쫄깃한 식감이 유지되더라구요! ✨총평-> 집에서 간편하게 중식당 퀄리티의 짬뽕을 즐기고 싶은분들께 정말 강력하게 추천하는 제품이에요~리뷰 많은 이유는 있겠지요🥳 컬리배송이며 제품이며 최고입니다!",14,5,긍정
137168999,2026-08-26T09:37:23,한**,너무 맛있어요 밀키트구매안하는데 동생이 요리해준거먹어보고 바로 주문 했어요~ 고기해산물 많이들어있고 국물도 진하고 배달시킨 짬뽕 보다 맛있음 강력추천 !!지인분들께 추천해드렸는데 맛있다고 또 주문하시네요~강력추천합니다,7,0,긍정
137160450,2026-08-25T22:56:22,허**,"빠르고 정확한 배송, 꼼꼼한 포장, 아내와 딸 아이가 좋아해서 자주 구매해서 먹었던 상품임. 아들은 매운 맛을 더 좋아하지만 가족 전체가 즐겨먹기 위해서는 순한 맛이 적당함. 냉동실에 쌓아두고 먹던 상품인데, 오랜만에 구매함.",2,1,긍정
128634787,2025-11-19T13:12:41,이**,"매운음식을 잘 못 먹어서 짬뽕이 먹고 싶어도 매울까봐 쉽게 구매하기가 어려웠는데 목란 짬뽕은 덜 매운 마일드가 있어서 넘 좋아요 마일드도 저한테는 조금 맵기는 하지만 맛있게 매운 정도라서 먹고나서 스트레스도 풀리고 개운하고 얼큰하고 기분 좋아지는 맵기라서 완전 만족스러웠어요 간편하게 끓여서 바로 먹을 수 있어서 편하고 좋아요 이번에 끓일때에는 냉장고에 남아 있던 부추 살짝 곁들였구요 혹시라도 매울까봐 중화 시켜 줄 숙주볶음도 준비했습니다 ㅎㅎ 국물이 감칠맛 나고 적당히 맵고 조화로운 맛이 좋았고 홍합,오징어,버섯,고기 같은 건더기도 꽤 알차게 들어 있었어요 면발도 쫄깃 탱탱 맛있었고, 숙주 곁들여 먹으니까 매운맛도 중화되고 아삭한맛이 더해져서 좋았어요 국물에 밥 말아 먹으려고 했는데 매운데 자꾸 땡겨서 밥 말기 전에 국물을 다 마셔버리게 되더라구요 ㅎㅎ 맵찔이한테 맛있게 매운 목란 짬뽕 마일드 너무 맛있게 만족스럽게 잘 먹었어요. 다음에는 국물 다 마시지 말고 밥까지 말아 먹어보려구요",13,1,긍정
137122972,2026-08-24T21:02:33,박**,목란만 있으면 다른 중국집 안가도 될꺼같은 대체 불가 우리집 맛집입니다. 오리지널은 약간 매워서 맵찔이 분들은 조금 주의해야할 것 같은데 훨씬 맛있어서 오리지널 추천합니다. 야채나 해물이 꽤 들었고 국물이 진하고 맛있습니다.,5,1,긍정
136320077,2026-08-02T14:58:28,이**,면도 쫄깃하고 건더기도 생각보다 많아요 맵기는 신라면보단 덜매워요 왠만한 중국집보다 낫네요,1,1,중립
135589148,2026-07-11T22:54:35,김**,오 역시 컬리 추천템으로 항상 올라오는 이유가 있더라구요! 구냥 일반도 건더기가 많지만 저는 여기에 우삼겹 추가해서 먹었습니다! 국물도 칼칼하니 아주 맛잇어요굿 무조건 재구매입니다!,3,0,긍정
130209298,2026-01-15T10:44:09,류***,컬리 가입하고 계속 구매안하고 살아오다가 이번에 기회가되어 구매해보았는데요 그 첫 제품이 목란이네요 이사온 동네에 맛집이 없어서 주기적으로 먹을 중식당을 못찾고있었는데 와?! 굳이 찾아다닐필요 없겠더라고요 목란짜장먼저 먹어봤는데 자극적이지 않아 세돌 아기랑 같이먹기도 좋아 대만족이었거든요 그러고나니 유명한 짬뽕도 궁금해지고 어제는 백짬뽕까지 주문해서 싹 다 맛보았어요 가성비 훌륭하고 맛도좋고 면이 정말 최고입니다 바로 배달받은 것보다 면 퀄리티가 훌륭해요 오리지널 먹었는데 칼칼하고 짜장에비해 속재도 푸짐해서 만족스러운 한끼가능입니다 계속 시켜먹을것같아요👍,8,4,긍정
137082460,2026-08-23T19:03:33,오**,"중식으로 저녁식사하려고 주문했습니다. 집에 있던 북경오리와 쌈, 이연복 꿔바로우에 칼칼한 국물로 짬뽕 하나를 더하니 저녁이 엄청 풍부하네요. 순한 맛으로 했고 물을 조금 첨가하여 떠먹기 좋았습니다.",1,0,긍정
128590581,2025-11-17T19:48:44,김**,맛있는 짬뽕집을 찾을수 없어 집에서 만들어 먹었습니다 ~그런데 만들어 먹는것도 이제 질리더라구요~이연복쉐프의 짬뽕맛이 궁금해서 주문했는데 우와 기대이상입니다~예전에 부산 살때 신세계 백화점에 좀 비싸지만 진국인 짬뽕집이 있었는데 우와 그곳에서 먹던 그 짬뽕맛이 나더라구요~매콤하고 국물도 진합니다 또 면이 삶아도 서로 엉겨붙지 않아서 조리하기도 쉽습니다~성인 두명이 먹고도 국물이 남아서 밥말아 먹으니 짬뽕밥으로 또 먹을수 있었습니다 ~고기와 오징어 홍합등이 들어있는데 저는 냉동실에 있는 송이버섯이랑 문어도더 넣어서 먹었더니 씹을것도 있고 더 맛있네요 ~이제품은 재구매의사 항상 있습니다,3,1,긍정
136647796,2026-08-10T22:10:39,박**,두번째 재주문이에요 아들이 잘 먹네요 내용물도 많고 국물도 맛있어요 세일할때 쟁여놔야겠어요 애들 방학이라 먹을게 부족할때 딱이에요,1,1,중립
137670659,2026-09-10T12:58:34,곽**,여름인데도 하루만에 꽝꽝 언채로 잘 왔네요. 드라이 아이스의 힘!! 잘 먹겠습니다~,0,0,중립
136161301,2026-07-28T20:40:05,민**,우리집 냉동실 저장템. 짬뽕 먹고 싶을 때 바로 끓여 먹을 수 있어요.,0,0,중립
137642731,2026-09-09T17:24:59,김**,맛있어요~ 내용물 괜찮고요 저는 새우랑 계란 하나 풀었어요 ㅎㅎ괜찮은 가격이라 생각합니다~,1,0,긍정
136872249,2026-08-17T16:11:12,최**,"오랜만에 비가 올때 생각나서 이연복 짬뽕 구입했네요. 멤버스 특가로 구입하니 더 좋았어요. 국물이 끝내주고, 얼큰하니 한 끼 식사로 충분합니다. 양이 많은 사람들은 밥 반공기 정도 넣어 먹어도 좋을것 같아요",1,0,긍정
134951016,2026-06-23T11:04:03,김**,대파 양파 표고 새우넣어서 전 짬뽕밥 같이 먹는데 진짜 맛있어요 안매워져요 야채육수 덕에!!!,1,2,부정
132019307,2026-03-23T10:07:17,김**,"이연복의 목란 짬뽕 마일드 n번째 재구매 . 이제는 떨어지기 전에 미리 쟁여두는 제품이에요. 자극적이지 않은 마일드한 국물인데도 깊은 맛이 살아 있어서 먹을 때마다 만족도가 높습니다. 얼큰함, 담백하면서도 깔끔한 국물이라 부담 없이 계속 찾게 되네요. 면 식감도 쫄깃하고, 국물까지 깔끔하게 비우게 되는 맛이라 자연스럽게 재구매로 이어집니다. 집에서 간편하게 먹는 짬뽕 중에서는 확실히 만족도가 높은 제품.",7,1,긍정
137556399,2026-09-07T07:10:16,장**,넘 맛나요👍👍 최고!! 왠만한 짬뽕 저리가라,1,0,긍정
135696609,2026-07-14T20:58:30,김**,너무 좋아합니다. 몇 번째 시키는지 모르겠어요. 신랑도 너무 좋아해요. 저희는 둘 다 매운맛은 힘들어해서 마일드 시키는데 마일드도 매콤합니다. 매운 거 못 드시는 분들은 참고하시면 좋을 것 같아요. 그냥 먹기도 너무 맛있지만 저는 호박이랑 청경채를 추가해서 더 넣어 먹어요. 야채 듬뿍 정말맛있어요 이연복 목란 시켜먹고 중국집 가는 횟수가 줄었습니다. 오히려 저희의 외식을 막아주는 아주 효자 템입니다.,4,0,긍정
131786461,2026-03-14T14:17:19,안**,배송도 빠르고 가격도 명성에 비해서 전혀 흠 잡을때가 없고 식당에 가서 직접 먹는것처럼 너무 맛있어서 이보다 좋을순 없을것 같습니다.,1,0,긍정
137528448,2026-09-06T11:28:02,황**,식당에서 먹었던 맛인것 같아요. 맵기도 적당하고 면의 졸깃한 맛도 좋아요.,1,1,중립
136781668,2026-08-14T20:16:35,장**,"늘 시켜먹는데, 아쉬운점 1도 없어요. 매운거 좋아해서 오리지널로 먹으니 딱좋고👍 건더기 양도 실한데 국물까지 매콤칼칼하니 아주 좋습니다. 그리고 면..! 면이 가장 중요한데 목란 중화면은 쫄깃한식감이 아주 예술입니다👍👍 매번 컬리에서 시킬때 빼먹지않는 단골템 중 하나 입니다",2,0,긍정
136367821,2026-08-03T20:26:57,김**,이연복 짬뽕 넘 맛있어요! 국물이 얼큰하고 건더기가 많아서 좋았어요ㅎㅎ 양도 넉넉해서 배부르게 먹었어요:),2,0,긍정
137482616,2026-09-04T20:40:16,최**,아직 먹어보진 않았는데 냉동상태가 아주 좋아요.,1,0,긍정
136339780,2026-08-02T22:49:04,장**,건더기도 많고 면도 쫄깃쫄깃하니 맛있어요~~! 당연히 매장에서 먹는 맛은 아니지만 밀키트에 이정도 퀄리티면 너무너무 훌륭하니 맛있습니당!!,5,0,긍정
137456207,2026-09-03T23:12:06,엄**,시핀 짬뽕중에는 이연복셰프거가 젤맛나요,0,0,중립
130720473,2026-02-02T13:45:23,홍**,"전반적으로 만족도가 높은 제품이었습니다. ○배송 상태 꼼꼼하게 포장 잘 되었고, 박스 안 깔끔했고 냉동 상태도 흐트러짐 없이 아주 잘 유지되어 도착했습니다. ○조리 방법 번거롭지 않아 좋았어요. 국물은 해동하여 냄비에 부어 끓이고, 면은 해동 없이 바로 약 2분 정도만 삶으면 되니 바쁜 날에도 부담 없이 준비할 수 있었습니다. ○맛 조리 중에는 매콤한 짬뽕 특유의 향이 꽤 강하게 올라와서 맵지 않을까 걱정했는데, 마일드 제품이라 그런지 실제로 먹어보면 자극적인 매운맛은 아니고 부담 없이 먹기 좋은 수준이었습니다. 특히 해물이 생각보다 넉넉하게 들어 있어 해물의 감칠맛이 국물 전체에 잘 배어 있고, 인스턴트 느낌보다는 전문점 짬뽕에 가까운 맛이 인상적이었어요. ○면의 양 성인 남성 기준으로 한 끼 식사로 충분한 편이라 든든했습니다. ☆총평 - 조리의 간편함과 맛, 구성 모두 만족스러워 재구매 의사가 있고, 짬뽕 좋아하시는 분들께는 적극 추천하고 싶은 제품입니다.",7,4,긍정
136654102,2026-08-11T02:29:20,김**,예전에 한번 사서 먹어봤고 오랜만에 재구매한건데 더 맛있어졌어요. 진짜 진한 국물 좋아하시는 분들은 꼭 드셔보세요! 맛있게 맵고 갠적으론 시켜먹는 것보다 맛있다고 생각해요. 벌써 두개 다 먹어서 다시 재구매 하려고요!,6,2,긍정
130702607,2026-02-01T21:52:30,이**,와 국묵 진하니 완전 맛있어요..항상 랭킹에 들어가있길래 궁금했는데 구매는 안했었거든요 근데 약간 사골베이스에 묵직한 짬뽕국물이 먹고싶었는데 이 짬뽕 비주얼이 약간 그런거같아서 구매해봤는데 안에 국물 면 2개씩 들어있고 하나도 양이 진짜 많아서 포만감 최고예요!! 역시 국물맛은 생각했던대로 진하고 묵직하니 너무 맛있게 먹었어요 저는 면에 국물 깊게 베이는걸 좋아해서 면 넣고 같이 좀 끓였어요 그랬더니 면이 좀 푹익어서 식감은 별로였지만 다음에는 면을 조금만 익혀서 국물이랑 같이 끓어야겠어요 암튼 오랜만에 진짜 맛있는 짬뽕 한그릇 먹은거같아요!,7,3,긍정
136204854,2026-07-30T04:23:08,최**,배달시켜 먹는거랑 똑같을 정도로 맛있어서 깜짝 놀랬어요!! 순싹 해버렸네요👍👍 강추입니다. 이제 배달 안 시켜먹고 컬리로 주문해서 쟁여놔야겠어요.,1,0,긍정
137683828,2026-09-10T20:52:14,허**,짬뽕 기존 짬뽕집보다 더 맛나요 짬뽕은 이연복 짬뽕만 먹어요 칼칼하고 해물좀더 넣어서 먹으면 맛있어요,1,0,긍정
137668813,2026-09-10T11:49:36,김**,"마일드 맵기가 궁금해서 마일드로 샀는데,역시 오리지널이 훨씬 나은듯합니다. 매운거 못드신분은 마일드로 하심될듯해요.",0,0,중립
137668517,2026-09-10T11:38:07,조**,"마일드먹어봤는데 오리지널이 칼칼하면서 더 맛있길래,오리지널로 재구매해요. 짬뽕 적극 추천드려요.",3,1,긍정
137666733,2026-09-10T10:43:06,김**,날이 선선해지니 얼큰한 짬뽕국물이 생각나서 오랜만에 주문했어요 식당에서 먹는맛과 똑같이 맛있어요,1,0,긍정
137298973,2026-08-30T15:47:16,김**,오리지널로 구매했는데 매콤한 고기짬뽕맛이에요~ 맛있게 먹었어요ㅎ,1,0,긍정
136553107,2026-08-08T16:47:42,김**,사진 찍는걸 잊어버릴만큼 맛있네요~~ 다음엔 자짱면을 사봐야겠어요~~ 맛있게 잘먹었습니다^^ 육수도 진하고 다먹은 사진밖에^^ 진짜 맛있어요~~ 밥 까지 말아서^^ 후루룩^^,4,1,긍정
136155359,2026-07-28T18:27:53,이*,이연복의 짬뽕은 넘 좋아해서 틈틈히 시간 날때마다 시킵니다. 정말 중국집 짬뽕이라 너무 맛있어요~,2,0,긍정
135789373,2026-07-17T19:20:27,아***,육수애 참치액젖을 넣고 양배추 양파 해물을 더 넣어 먹으니 아주 맛나요,0,0,중립
131791405,2026-03-14T18:22:21,전**,"한끼 간편하게 때우려고 구매 했으나 굳이 집 밖으로 나가 외식할 필요가 없겠다는 생각이 들 정도로 맛이 훌륭함. 국물이 진하고 특유의 불향이 잘 살아있어서 실제 식당에서 먹는 맛과 거의 똑같음. 조리 과정도 라면 끓이는 것만큼이나 단순해서 전혀 어렵지 않았음. 특히 만족스러웠던 부분은 넉넉한 양인데, 해물과 채소 등 건더기가 실하게 들어있어서 별도로 추가 재료를 넣지 않고도 성인 혼자 배부르게 먹기에 충분함. 면발도 다 먹을 때까지 쫄깃함을 유지해서 국물과 조화가 아주 좋음. 집에서 이 정도 퀄리티의 짬뽕을 간편하게 먹을 수 있다니.. 전체적인 맛과 양 모두 만족스러워서 첫 구매지만 재구매 의사 100%임.",8,1,긍정
137653565,2026-09-09T22:01:31,양**,"순한맛도 생각보다 맵습니다만, 맛있게 매워서 좋습니다. 속에 큰 무리가 가지도 않을 것 같고요. 벌써 네 번째 구매할 정도로 좋아합니다. 오직 목란 짬뽕 때문에 컬리를 이용해요.",2,1,긍정
137652074,2026-09-09T21:26:35,소**,맛있어요 집에서 만드는 번거로움 없이 맛있는 짬뽕 편하게 먹을수 있어서 남편이 좋아합니다,3,0,긍정
137633678,2026-09-09T11:38:33,김**,후기가 너무 좋아서 주문해서 바로 먹었는데 진짜 맛잇어요!! 시켜먹는것보다 훨씬 맛잇고 재구매 예정입니다!,2,1,긍정
137631380,2026-09-09T10:22:53,김**,이거 몇 번 재구매 했어요 진짜 가성비 좋음 맵찔이인데도 마일드는 안 맵길래 이번엔 오리지널로 사봤어요,1,1,중립
137623342,2026-09-09T01:19:04,천**,이연복 목란 짬뽕 맛나게 먹었던 기억에 재구매합니다!! 오리지널 매웠던거같아 마일드 구매해봐요,1,0,긍정
136532573,2026-08-07T23:09:38,윤**,"나가서 외식 잘 안하는 집이라 가끔은 바깥 음식이 먹고 싶을 때 쟁여두는 목란의 짬뽕. 사실 나가서 먹는 짬뽕만큼이나 맛있어요. 제 기호대로 새우, 청경채, 애호박 더 추가해서 끓여먹을 수 있어서 냉동실에 쟁여두게 되네요. 애용하고 있습니다. 믿고 먹습니다👍",1,0,긍정
135751039,2026-07-16T14:43:26,홍**,오리지널 맵기가 상당히 세네요. 톡쏘는 매운 맛이 최고예요.,1,0,긍정
132940644,2026-04-23T17:15:58,강**,유명해서 사봤는데 오리지널이 매운데 신랑이 매운걸 잘먹어서 좋아하네요 각 1인분씩 되어있어서 나눠 먹기 좋은것같아요,1,0,긍정
132753931,2026-04-16T23:39:47,이*,컬리 첫 구매임 배송도 빠르고 제품도 잘 도착했습니다 감사합니다 판매자님 조만간 또 주문할게요,0,0,중립
132646710,2026-04-13T15:32:04,길**,와씨 짬뽕보다 짜장파인데 졸라맛있네요 가게에서 파는것보다 맛있음 진짜 존맛탱 안먹으면 후회함,2,2,중립
130571785,2026-01-28T13:09:13,강**,배송이 너무 빨라서 깜짝 놀랐고 당일에 왔음 밤10시쯤 이연복꺼는 라면만 먹어봤고 라면도 너무 맛있게 잘먹어서 이연복 짬뽑 짜장이 보여서 바로 사봤어요 밀키트는 처음 사봐서 맛이 궁금해 빨리 맛 보았어요 새우만 더 추가해서 먹었는데 국물 양은 생각보다 작았어요 더 넉넉하면 좋을것 같구요 맛은 왠만한 중국집 시킨것보다 전 맛있었어요 맛도 진하고 해산물이고 야채 건더기도 넉넉했고 생각보다 얼큰했어요 빛깔도 빨갛고 빚깔부터가 맛깔스러워 보여요 고추도 들어있더라구요 갑자기 먹고 싶을때 냉동실에 쟁겨놓고 먹기 좋을것 같아요 재구매 의사있음,4,1,긍정
129368686,2025-12-15T21:45:46,세*,"이연복 셰프의 목란 짬뽕 2인분 제품은 집에서도 중식당에서 먹는 듯한 짬뽕 맛을 즐길 수 있어 만족도가 높았어요. 조리 과정이 복잡하지 않아 바쁜 날에도 간편하게 만들 수 있는데, 완성된 국물 맛은 생각보다 깊고 진해 놀랐어요. 해물 베이스의 국물이 깔끔하면서도 얼큰해 첫 숟갈부터 입맛을 확 살려줘요. 인위적으로 매운 맛이 아니라 고추기름의 고소함과 해물의 감칠맛이 잘 어우러진 점이 특히 좋았어요. 면발도 쉽게 불지 않고 쫄깃함이 살아 있어 국물과 잘 어울렸고, 해물과 채소 건더기도 충분히 들어 있어 내용물이 빈약하다는 느낌이 들지 않았어요. 냉동 짬뽕 제품 중에서는 확실히 완성도가 높은 편이라 외식 대용으로 먹기에도 손색이 없다고 느꼈어요. 2인분 구성이라 양도 넉넉해서 성인 두 명이 먹기에 적당했고, 간단히 숙주나 양배추 같은 채소를 추가하면 더 푸짐하게 즐길 수 있어요. 집에서 제대로 된 짬뽕을 먹고 싶을 때, 믿고 선택할 수 있는 제품이라 추천하고 싶어요.",6,2,긍정
137614777,2026-09-08T21:05:39,이**,컬리 처음 시작했을때부터 쟁여템 이연복 짬뽕~~ 아주 맛있어요. 오리지널만 샀는데 잘못 클릭해서 마일드로 잘못 샀지만 그래도 맛있어요~,2,0,긍정
137607012,2026-09-08T17:44:08,정**,계속해서 몇년째 재구매하는 아이템입니다. 건더기 양이 좀 줄은것 같긴하지만 집에서 밤늦게 짬뽕 생각날때 먹기 좋아요.,2,1,긍정
137606306,2026-09-08T17:15:37,이**,저 매번 짬뽕 밀키트 실망했었는데 이연복 짬뽕 굿굿굿 맛나요 밥말아먹는거까지 굿 인기 있는 이유 알아버렸음 요것도 또 주문예정,4,1,긍정
137602977,2026-09-08T14:59:26,이**,진한 국물맛이 일품 이예요~ 내용물도 넉넉하여 맛있어요 ~ 면도 찰져서 한그릇 뚝딱 먹었어요 ~ 얼큰해서 남편이 더 좋아합니다~,2,0,긍정
137601645,2026-09-08T14:05:22,박**,원래 짜장파라서 짜장면으로 살려다가 사람들 추천으로 짬뽕으로 구매해봅니다~ 따로 해산물 추가해서 먹어봐야겠어요,1,2,부정
137589617,2026-09-08T07:07:55,혜*,엄마 아빠 주말용 짬뽕^^ 전 이연복 밀키트가 제일 맛있어요. 다른것도 먹어봤지만 역시 전 이연복이 👍 최고입니다. 이번 주말엔 짬뽕!!,2,0,긍정
136482321,2026-08-06T19:00:48,양**,"오리지널은 조금 매울 수 있으니 순한 맛을 산다는게 깜빡하고 또다시 오리지널을 구매했습니다. 그래도 맛있는 건 여전해서 오랜만에 먹어봐도 건더기도 많고, 맛도 기대를 충분히 충족해서 좋습니다. 다음에 또 구매하고 싶습니다.",1,0,긍정
136467517,2026-08-06T10:47:35,이**,냉동실 필수 구비템이죠~ 짬뽕 좋아해서 맛집 찾아다니는데 굳이 식당까지 가서 비싼돈주고 사먹지 않아도 집에서 충분히 맛있는 짬뽕을 먹을수 있어서 정말 행복합니다~ 고기나 야채 좀 더 추가해서 먹음 더맛나요~,3,0,긍정
136098195,2026-07-26T22:45:00,신**,얼큰한 음식으로 식사하고 싶어 구매했어요 해물이 들어있긴해도 냉장고에 있던 새우 홍합을 넣어 함께 먹으니 ㄷㆍ 풍성한 식사를 할수 있었어요!,0,0,중립
134925078,2026-06-22T15:56:40,이**,내용물도 푸짐하고 얼큰하니 맛이 좋아요 면은 따로 끓이라고 되어있는데 귀찮아서 뜨끈한 물에 면 담궈두면 금방 풀어지더라고요 풀어진 면 건져내고 국물 끓으면 면 넣어 한번 끓인 다음 먹으면 편해요!!,2,0,긍정
137551932,2026-09-06T23:05:21,채**,와~너무 맛있어요..맛있어서 두번째 구매입니다😄😄 냉동 새우랑 오징어 추가해서 넣어 먹으니 사먹는 느낌이예요😄😄😄,2,0,긍정
137546562,2026-09-06T21:05:32,임**,"해장으로 진짜 최고예요 고춧가루랑 다진마늘, 매운 고추 넣고 드시면 짱맛 저는 오징어 추가로 넣었어요",1,1,중립
137530597,2026-09-06T13:07:41,김**,좋아하는 짬뽕 집에서 간편히 먹을 수 있어서 좋아요 맵기도 선택가능한데 혹시나 짬뽕은 많이 매울것같 마일드 적당하맛 맛있게 잘 먹었어요,4,1,긍정
137528705,2026-09-06T11:38:23,연**,"매콤한 짬뽕이 생각 나는 날, 하지만 시켜먹기는 싫은 날, 목란 짬뽕으로 대신해서 먹곤 합니다.",0,0,중립
137522507,2026-09-06T08:00:35,구**,집에서 간편히 먹을 수 있는 이연복 쉐프님의 목란 짬뽕~ !! 마일드로 주문했는데 저희한텐 딱 좋습니다^^,1,0,긍정
136407672,2026-08-04T20:38:33,장**,"주기적으로 생각나는 맛이라 오랜만에 주문했어요. 마일드도 꽤 칼칼한 맛이 나서 맛있게 잘 먹었습니다! 건더기도 푸짐하고, 면도 부드럽고 식감 좋아요. 밥까지 말아 먹으면 더 맛있어요!!",4,1,긍정
136016944,2026-07-24T14:54:22,신**,컬리에서 가장 자주 사는 제품중 하나입니다. 맛있어요. 맵기도 딱 적당하고 국물 진하고 건더기도 적당하게 들어있어요. 특히 면발이 부드럽고 쫄깃해요.,3,2,긍정
132779590,2026-04-17T23:15:31,신**,처음주문해서 끓여먹었는데 너무맛있네요~~~면도 맘에들구 국물맛이 아주맘에들어요,1,0,긍정
137511049,2026-09-05T20:11:31,고**,"매운맛 꽤 맛있게 맵네요! 건더기도 섭섭하지 않을 만큼 있고, 짬뽕땡길때 쉽게 해먹을 수 있어서 좋아요.",2,0,긍정
137507900,2026-09-05T19:05:12,박***,인기가 많아서 구매해봤습니다 아직 먹지는 않았는데 요즘 맛있는 짬뽕 짜장집이 없고 비싸기만 한데 밀키트는 싸서 구매해봤습니다 먹어보고 맛있으면 재구매할게요 감사합니다,3,2,긍정
137497621,2026-09-05T11:34:47,박**,와 진짜 맛있네요! 양도 푸짐하고 면발도 쫄깃하고 다 먹을때까지 불지 않아서 좋아요. 세일할때마다 쟁여놔야겠어요,4,1,긍정
137138031,2026-08-25T10:38:03,이**,이연복짜장에 이어 짬뽕까지~ 너무 맛있습니다~ 국물이 진국이예요!,1,1,중립
137479569,2026-09-04T19:39:39,함**,처음 구매해서 먹어봤는데 정말맛있네요. 후기가좋아서 믿고 구매한건데 신랑이랑2인분 딱좋았어요 또 구매해야할듯요ㅋ 시켜먹는거보다 맛있는듯요 짬뽕생각날때 목란으로ㅋ,4,0,긍정
137476987,2026-09-04T17:45:23,박**,벌써 몇번째 재구매인지 모르겠네요~ 양도 많고 국물도 맛있어요 면먹고 밥까지 말아먹으면 한끼 뚝딱입니다 할인할때 많이 쟁여놓을꺼 같아요,2,0,긍정
137475628,2026-09-04T16:43:01,송**,매번 시켜먹지만정말 맛있어요 요즘 중식당가면 가격도비싼대 2인분에 이가격이면 정말 너무혜자고 맛퀄리티 안떨어지고 면이 너무탱길해서 저흰이제 집에서즐겨요,1,0,긍정
137467740,2026-09-04T11:25:35,이**,매콤한 맛이 제 입맛에 딱 맞아서 자주 사먹어요. 식당보다 더 맛있는 것 같아요. 쟁여놓고 사먹어요.,1,0,긍정
131925571,2026-03-19T14:38:41,오*,첨 시켜봅니다 목란에 가서 먹어본 이후,0,0,중립
137440807,2026-09-03T16:08:52,삼******,동생네집에서 먹어보고 진짜 맛있길래 냉동인데도 맛이 전혀 떨어지지 않는것같아서 주문했습니다 ㅎㅎ 매콤하고 내용물도 알차서 좋아요,2,1,긍정
135917688,2026-07-21T15:05:22,오**,저는 토마토 추가해서 요리해 먹었는데 아주 풍미가 넘 좋네요. 레시피대로 잘 따라해 먹었더니 외식 중화요리맛 그대로 잘 나서 너무 맛있게 먹었습니다,1,0,긍정
137400260,2026-09-02T12:24:18,고**,중식을 워낙 좋아하는데 리뷰도 많고 사진보니 맛있어 보여서 구매했어요~ 양도 많고 기대됩니다 ㅎㅎ,2,0,긍정
136258191,2026-07-31T20:11:31,전**,얼큰한 짬뽕이 먹고 싶을 때 끓여먹어요!! 라면 맛이 아니라 진짜 찐짬뽕 맛이에요 ㅎ 다대기도 많고 홍합도 커요!!ㅎㅎ 면도 진짜 부들부들 쫄깃하고 다 먹고 꼭 밥까지 말아먹어요 ㅎㅎ,1,2,부정
132144234,2026-03-28T09:35:53,최**,매운 맛이 일반 다른 짬뽕이나 찌개 매운 맛과 다르게 식욕도 돋구고 시원하면서도 참 맛있어요. 면도 쫄깃하고 좋아요.,3,0,긍정
131959002,2026-03-20T21:50:55,정**,늘 믿고 사는 거에요!! ㅔ,0,0,중립
137381268,2026-09-01T21:09:43,고**,저는 오리지널이 더 나은데 신랑이랑 애들은 마일드가 더 좋다고 하네요.. 확실히 오리지널이 더 매콤해요,0,0,중립
137365176,2026-09-01T13:45:36,김**,먹다가 생각나서 후기올리네요^^ 재재구매입니다 맵지만 고기국물이 맛있어요 해산물도있고 자주생각나는맛입니다,2,0,긍정
135083951,2026-06-27T16:56:12,강**,"평소 얼큰한 국물을 좋아해서 이연복의 목란 짬뽕을 구매해 봤어요. 집에서도 간편하게 중식당 분위기를 느끼고 싶어서 같은 브랜드의 꿔바로우와 함께 먹었는데 조합이 정말 만족스러웠습니다. 조리 방법이 간단해서 바쁜 날에도 부담 없이 한 끼 준비할 수 있었고, 국물은 얼큰하면서도 깊은 맛이 느껴져 맛있게 먹었어요. 매운맛이 너무 강하지 않아 끝까지 부담 없이 즐길 수 있었고, 해물과 채소가 어우러져 국물 맛이 깔끔했습니다. 면도 쫄깃한 식감이라 국물과 잘 어울렸고, 전체적인 완성도가 냉동 제품이라고 생각되지 않을 정도로 만족스러웠어요. 함께 먹은 꿔바로우의 새콤달콤한 맛과도 잘 어울려 집에서도 중식 코스를 즐기는 기분이었습니다. 외식이 부담스러울 때 간편하게 조리해서 먹기 좋은 제품이고, 냉동실에 하나쯤 쟁여두면 든든할 것 같아요. 다음에도 꿔바로우와 함께 재구매해서 먹고 싶은 만족스러운 제품입니다.",10,2,긍정
129925153,2026-01-05T18:05:18,홍**,"컬리마켓 처음 사용해봤는데 배송부터 포장까지 정말 편하고 깔끔해서 만족스러웠어요. 냉동식품이라 기대를 크게 안 했는데, 짬뽕을 1인분만 먼저 끓여봤더니 생각보다 훨씬 매콤하고 깊은 맛이 나서 놀랐어요. 국물이 텁텁하지 않고 칼칼한 편이라 집에서 간단하게 먹기 딱 좋더라고요. 기본 구성만으로도 맛과 양이 괜찮았고, 남은 1인분은 양파랑 양배추를 더 추가해서 먹어보려고 합니다. 야채를 조금만 더 넣어도 훨씬 푸짐해질 것 같아요. 가격 대비 집에서 이렇게 편하게 짬뽕을 먹을 수 있다는 점이 가장 큰 장점인 것 같아요. 다만 매운 편이라 매운 음식 잘 못 드시는 분들은 오리지널 맛은 피하시는 게 좋을 것 같아요. 다음에는 컬리에서 자주 보던 다른 냉동 중식 제품들도 같이 주문해볼 생각입니다. 재구매 의사 있어요!",4,0,긍정
137350352,2026-08-31T23:51:27,김**,새벽배송 이라서 아직 먹어보진 않았어요. 상품평 좋은거로만 픽해서 주문 했어요.. 얼른 아침에 해서 먹어보고 싶네요. 짬뽕을 좋아해서 구매했어요.,1,0,긍정
137337409,2026-08-31T19:34:12,이**,오리지날 시켜먹어봤는데 맛있는데 좀 매워서 이번엔 마일드로 시켰어요 진짜 건더기도 많고 중국집 안가도 되요,1,2,부정
137332990,2026-08-31T16:09:45,이**,이연복 짬뽕 맛있어요!! 웬만한 데 시켜먹는 것보다 낫더라고요. 건더기도 많고 국물도 얼큰하고 맛있습니다.,2,0,긍정
136988271,2026-08-20T20:25:36,강**,패키징이 바뀌었네요~^^ 역시나 맛있어요,1,0,긍정
136973732,2026-08-20T12:10:42,고**,이연복 짬뽕 맛있어요 쟁여놓고 먹어요,1,0,긍정
132112500,2026-03-26T21:35:21,송**,예전엔 억어보고 건더기도 많고 중국집보다 맛있어서 쎄일하길래 재구매했어요.오리지널 먹을때는 맵고 맛있어요. 화장실 은 따끔.ㅋ,3,0,긍정
132111493,2026-03-26T21:00:24,정**,여기에 청경채 팽이버섯 넣고 3인분 해서 신랑 2인분 나 1인분 해서 먹었는데 약간 얼큰? 정도 되서 너무 좋았고 맛도 괜춘,1,0,긍정
128690369,2025-11-21T17:38:32,한**,"목란짬뽕 마일드는 맵지않아서 신랑이 좋아합니다 저는 오리지널 좋아하구여 이날 짜장과함께 목란 세가지가 왔져 평소에 저희는 짜지않게 먹다보니 물을 추가하곤 하는데여 아것도 마찬가지로 물을조금 추가하고 컬리 채소들 (양파, 표고버섯,호박,쪽파) 이정도로 넣어도 간이 아주 좋았어요 면 2분 삶는것도 간편해서 좋구여 채소가 많을거같아 보이겠지만여 끓으면서 숨이죽으니 국물이랑 조화도 좋았어요 많은건 신랑꺼구여 적은건 제꺼예여 조리 간편하고 집에있는 채소들 추가해서 푸짐한 짬뽕을 먹은거 같았네요 유통 기한이 넉넉한데여 먹고싶고 생각나서 금방먹네요 이틀후엔 오리지널 먹어야겠어요 ㅎㅎ",7,3,긍정
137302724,2026-08-30T18:20:18,박**,"셀 수 없이 여러번 재구매템. 딸이 매콤중독이라 오리지널로 늘 구매. 건더기 넉넉, 국물맛 좋고 면도 부들부들 금방 뽑은 느낌. 짬뽕맛집!",2,0,긍정
137296512,2026-08-30T14:02:39,김**,진짜 중식집에 가서 먹는 칼칼함이에요. 요즘 중식집에서 만나는 느끼한 짬뽕 아니고 진짜 칼칼한 짬뽕 스타일입니다. 집에서 간편하게 먹을 수 있어서 좋아요.,2,3,부정
137291009,2026-08-30T10:19:34,박**,너무 맛있어요 면도 쫄깃하고 건더기도 푸짐하고 나가서 먹는거보다 집에서 간편하게 맛집 짬뽕 먹는 느낌입니다,5,0,긍정
137289774,2026-08-30T09:39:30,전**,매울까봐 마일드 먼저 사서 먹었는데 너무 순하길래 이번에는 오리지널 샀어요. 국물이 깔끔하고 먹고 나서도 더부룩하지 않아요.,0,0,중립
129494525,2025-12-20T19:43:08,김**,컬리 가입 후 가장 먼저 장바구니에 담은 상품이에요. 지인이 추천해줘서 구매했는데 존.맛.탱👍 왜 이제야 알았나 왜 이제야 먹어보았나 중국집에서 배달 시켜서 먹는 것보다 훠얼씬 맛있어요 저희 동네는 딱히 짬뽕 맛집이 없는데 목란 짬뽕을 집에서 즐길 수 있어서 넘넘 좋아요. 콧물도 나고 땀도 나면서 맛있게 먹었어요❤️ 겨울에 감기 걸렸을 때 먹으면 딱 좋을 것 같아요,5,0,긍정
135783987,2026-07-17T16:20:51,박**,"컬리 최애 상품 이연복 짬뽕 정말 맛있습니다 적당한 매콤함에 국물이 정말 깔끔합니다 양파,새우,바지락 추가해서 먹으니 더욱.. 이연복 짬뽕 때문에 멤버쉽 가입했어요~^^",1,1,중립
137281688,2026-08-29T22:29:30,백**,냉동고에 항상 구비해 놓고 있는 것주 하나예요. 차돌박이 대패 같이 넣고 먹으면 중국집에서 직접 먹는 맛보다 더 맛있어요,1,0,긍정
137263515,2026-08-29T12:50:37,전**,너무 맛있어요. 중국집에서 바로 시켜 먹는 짬뽕이랑 같아요. 다음엔 짜장도 시켜 먹어 봐야겠어요.,1,1,중립
137256609,2026-08-29T07:56:44,윤**,국물이 진하고 불향이 나서 맛있어요. 건더기도 생각보다 푸짐하고 면도 쫄깃해서 냉동 짬뽕치고 꽤 만족스러웠어요. 집에서 간단하게 짬뽕 먹고 싶을 때 좋네요.,5,0,긍정
136896153,2026-08-18T08:05:03,박**,짬뽕하면 목란 여기 저기 제품 먹어봤지만 얼큰하고 이게 제일 맛있어요 면도 탱글탱글,1,0,긍정
134191085,2026-06-01T23:31:29,김**,"진짜 중국집에서 먹는것처럼 진한 짬뽕맛이라 만족하고 재재재구매합니다 !! 전 끓일때 집에 있는 호박, 버섯, 양파 이런거 있으면 더 넣고 끓이는데 그럼 더 푸짐하게 먹을 수 있어요 !! 매운거 잘 못먹어서 마일드로 먹는데 딱 은은하게 매콤하고 맛있어요~",4,1,긍정
133553630,2026-05-15T10:28:01,김**,냉장고에 재료가 양파밖에 없어서 그거라도 조금 넣었는데 진짜 맛있었어요 안에 내용물도 꽤나 충분해서 부족함 없이 먹고 다음날 남은 국물과 건더기에 밥 말아 먹었더니 가성비가 너무 좋다고 느껴지네요!,1,2,부정
133489823,2026-05-13T13:34:04,김**,"맵기도 딱 얼큰하게 적당하고 야채들도 넉넉히 들어있어요. 짬뽕집과 비교했을 때 압도적으로 맛있다는 아니지만, 가격대비 양 생각하면 이정도 양과 가격이면 한번 쯤 먹어볼만한 것 같네요.",1,2,부정
133329051,2026-05-07T21:35:29,정**,추가 재료 없이 구성품만 활용해 조리했습니다! 우선 면이 정말 맛있어요.. 후루룩 .. 찰기가 있어요 리뷰에 중간중간 별로라는 평이 있어서 두려웠는데 전혀요!! 또 구매하려고 합니닷 내용물이 알차고 양도 꽤 많아요,1,1,중립
133113039,2026-04-30T05:50:15,백**,컬리에서 주문한 밀키트 제품중 이연복의 목란 짬뽕은 아이들이 제일 좋아해 자주 주문합니다 해물도 넉넉히 들어 있지만 알배기 배추와 새우를 더 추가해서 먹으면 만족도가 더 높아져요 면을 좋아하지만 짬뽕밥으로도 먹고 순두부를 넣어 먹어도 매우 좋습니다,3,0,긍정
133105273,2026-04-29T20:54:48,임**,"요리하는동안 짬뽕의 향기가~ 전문요리사가 되는 느낌이네요. 시간이 없어서 있는재료만 사용했지만, 해물이나 야채를 추가하면 더 푸짐하게 먹을수 있을것 같아요. 야채도 살아있고, 맵기가 좀 있네요. 맛있게 아이가 한그릇 뚝딱.",2,0,긍정
132809634,2026-04-19T07:58:23,홍**,마일드는 너무 안 매워서 기본 시켰는데 예전보다 더 매워졌나봐요 한입 먹자마자 어질어질하네요 겨우 먹었어요 간도 예전보다 싱겁고 맛이 애매해졌네요 맛있게 먹을려고 주문했는데 재주문은 안 할거 같아요,1,3,부정
137239960,2026-08-28T16:28:22,고**,매콤한게 땡기는데 혼자 먹을때 배달이 참 어렵더라고요! 재재재구매합니다. 매콤하니 좋아요~^^,2,0,긍정
137236783,2026-08-28T14:12:19,김**,"집에 있는 바지락,전복 추가해서 먹었는데 진짜 너무너무 맛있네요.추가하기전 국물맛도 아주 좋았어요.",2,1,긍정
137236098,2026-08-28T13:43:15,문**,이건 중독이에요 집에서 배추랑 팽이버섯넣고 오징어 넣고 매운것도 더 넣고 해먹으면 정말 맛있어요,1,0,긍정
137225922,2026-08-28T04:46:18,안**,이게 정령 밀키트의 맛인지....왠만한 중국집 방문해서 먹는거보다 더 맛있습니다 자주시켜먹을거 같아 큰일입니다 ㄷㄷ,1,0,긍정
135714701,2026-07-15T12:23:08,김**,이연복 짬뽕은 밖에서 사먹는것 보다 훨씬 맛있어요~~집에 있는 버섯과 새우 넣고 먹으니 매콤 푸짐 맛있어요~~,3,0,긍정
132320554,2026-04-03T19:11:25,김**,진짜 맛있어요… 동네에 짬뽕 맛집이 많이 없어 한번 컬리에서 구입해서 먹었는데..너무 맛있네요! 칼칼하고 깔끔한 해물 베이스 짬뽕입니다ㅎㅎ 남편이랑 같이 국물까지 싹싹 비웠어요! 면도 아주 탱글탱글 맛있습니다! 그리고 가성비가 미쳤어요ㅠㅠㅠㅠㅠ 다음에 또 먹을래요~믿고먹는 목란입니다^^,4,1,긍정
137204763,2026-08-27T12:41:56,김**,이연복님의 짬뽕 진짜 맛나요 매장에서 먹는 바로그맛 내용물도 넘 좋아요 고기 야채 수산물듬뿍이예요 량도많아요~,1,1,중립
137196063,2026-08-27T06:19:48,이**,"짬뽕 좋아해서 이런저런 밀키트 사다 먹다가 정착한 목란짬뽕입니다 적당히 칼칼하면서 재료도 듬뿍인데다가 맛도 좋아요!! 양, 맛 어느 하나 빠지는거 없이 만족합니다",3,1,긍정
132294720,2026-04-02T21:50:33,강**,매운걸 잘먹어서 후기보고 얼마나 맵겠어 하고 오리지널 시켰는데 매워요ㅋㅋ생각보다 많이 매워서 놀랐지만 양이 많고 국물이 깔끔해서 결국 다먹었어요~ 새우랑 야채들만 추가했는데 안에 내용물 충분히 많아요~,0,2,부정
137179166,2026-08-26T16:32:41,린,음식점에서 먹는 맛 못지 않은 맛. 맛있어요. 집에서 간편히 먹을 수 있어 좋아요. 양배추와 양파 추가해서 먹으면 더 좋아요,4,0,긍정
137168737,2026-08-26T09:29:07,정**,이전에 먹었을때 기대보다 맛있었어서 두번째 구매입니다. 배달 시켜먹는것보다 안정스런 맛인것 같달까.,1,0,긍정
136803536,2026-08-15T14:54:58,이**,술 마신 다음날 해장으로 좋아요. 잘 먹을께요.,1,0,긍정
136006370,2026-07-24T07:32:18,최**,맵칼 짬뽕중에 최고! ㅎㅎ 너무맛있어서 항상 재구매 템입니다 ㅎㅎ 짜장은 솔직히 여러브랜드 돌려서 먹는데 짬뽕만큼은 무조건 목란짬뽕이나 도량 제품으로 먹어요 인공짬뽕향..? 그런 냄새 하나도 안나고 진짜 속깊은 짬뽕맛이랄까 그래서 더 맛있어요 꽤 매워서 속이좀 쓰리긴한데 마일드보다 칼칼하게 먹고싶어서 항상 오리지널로시킵니다,5,4,긍정
135665258,2026-07-13T23:02:03,변**,약간 떡볶이 국물같이 진하고 면이 정말 맛있네요. 다들 칭찬하는 이유가 있나봐요~ 내용물도 실해요,2,0,긍정
137144023,2026-08-25T14:40:53,다*,오리지널이 더 매울것 같아서 요거로 주문했는데 맛있습니다. 적당히 매운맛과 불맛 종종 먹고 싶어져요.,1,1,중립
137140380,2026-08-25T12:00:58,정**,오리지날 먹어보니 매워서 마일드 주문했더니 제 입엔 맛있어요. 양배추와 양파 더 추가해서 푸짐하게 잘 먹었습니다,2,1,긍정
135605922,2026-07-12T13:06:55,꽃***,이연복의 목란 짬뽕 맛있다해서 시켜봤는데 맛있었어요 오리지널은 좀맵다해서 마일드로 시켰는데 국물도 맵지않고 얼큰하니 괜찮았고 건더기도 적당히괜찮았고 면도 괜찮았어요 ~^^,2,1,긍정
132222361,2026-03-31T13:23:42,박**,짬뽕 끓이면 루피가 달려들어 두밯높이 듭니다. 달라는 건지 항복의 표시인지.. 벌써 10봉째 먹는데 맛이야 말할 거 없고 조리방법이 간편해서 너무 좋아요. 컬리나우로 싸게 사니 더욱더 굿~,3,0,긍정
137122307,2026-08-24T20:45:15,박**,후기가 많아서 믿고 샀습니다! 먹고 평 추가할게요 존맛... 감칠맛 미쳤어여 후기 많을만 하네요,0,0,중립
137114598,2026-08-24T17:27:02,윤**,전에 목란 짬뽕 너무 매워서 안시켰는데 마일드가 나와서 좋아요. 덜맵고 면 쫄깃하고 맛있어요.,3,1,긍정
137114124,2026-08-24T17:00:30,정**,먹어보니 왜 인기가 많은지 알 거 같네요 재료도 푸짐하니 실하고 적당히 얼큰해서 맛있어요 조리도 간단해서 쉽게 해먹을 수 있습니다 또 구매하려구요,2,1,긍정
137108959,2026-08-24T13:14:01,주**,해물을 넣으면 시원.칼칼쭈꾸미.한치등 부추와 넣음. 게임끝. 너무 맛도리예요. 우리집 필수품~~^^♡.♡,0,0,중립
129339200,2025-12-14T21:17:15,김**,"이연복의 목란 짬뽕 2인분 밀키트 평가가 좋아서 구매했어요! 짬뽕은 면만 삶고 짬뽕 국물을 데우기만 하면 되는 구성이라 조리 과정이 정말 간단했어요!! 따로 손질할 재료가 없어 바쁜 날, 주말에 부담 없이 즐기기 좋아요~ 맵기 선택이 가능해서 저는 마일드로 주문했는데, 마일드임에도 불구하고 적당히 매콤하면서 얼큰한 맛이 살아 있고 국물 맛이 진해서 맛있었어요! 홍합, 애호박, 오징어, 버섯, 고기 등 재료가 꽤 푸짐하게 들어 있어 면 대신 밥을 넣어 먹어도 잘 어울릴 것 같아요 저희 부부가 많이 먹는건지..😅 양은 살짝 아쉽게 느껴졌어요. 중간에 만두를 곁들이거나, 남은 국물에 밥을 말아 먹으면 더 든든하게 즐길 수 있을 것 같아요!!! 남편은 면 다 먹고 밥 말아서 짬뽕 국물까지 싹싹 비웠어요. 집에서 간편하게 짬뽕 생각날 때 만족스럽게 즐길 수 있는 밀키트라 재구매 의사 있습니다🍜",7,2,긍정
137073368,2026-08-23T13:07:29,한**,양도 넉넉하고~ 마일드로 주문해서 먹기 편했습니다~국물이 고추장찌개 맛이 나요~이건 개인적인 의견입니다^^,0,1,부정
137063394,2026-08-23T02:53:49,유**,원래 인기있는 메뉴죠. 맛있어서 자주 구매합니다. 끓여먹기도 너무 간편하고 양도 많아서 좋습니다,2,0,긍정
136713680,2026-08-12T19:36:39,임**,배송되자 마자 끓여 먹었네요 중국집에서 먹는 맛 그대로네요,0,0,중립
135550363,2026-07-10T21:17:38,정**,오리지널은 너무 매워서 먹기 어려웠는데 마일드 맛은 맵지 않아 먹기 딱 좋았아요. 육수에 해물과 고기가 많이 들어있어서 좋았어요.,2,1,긍정
134780658,2026-06-18T09:53:44,이**,짬뽕에진심이에요^^ 전 일단 국물이 진한짬뽕을 좋아해요 제 입맛에맞는 짬뽕찾기가 쉽지않은데요 평이너무 좋아 구매해봤어요 식용유에 양배추넣구 청양고추가루넣구 볶은다음 바지락넣구 한번더 볶았어요 그다음 그냥 이제품넣구끓였는데 너무맛있어요 왠만한중국집보다 더맛있네요 저희신랑두 짬뽕엄청좋아하는데 맛있다구 밥까지말아서 다묵네요 혼자서두 충분히 해먹을수있겠다더라구요 매번 저녁 메뉴땜에 스트레스였는데 몇개 더 쟁여놔야겠어요~,6,0,긍정
131308004,2026-02-24T22:18:02,박**,후기가 좋아서 구매한 목란짬뽕입니다. 2인분양인데 큰봉지를 뜯어보면 1인분씩 개별포장으로 되있어서 남은 1인분은 다시 냉동실에 보관하면 되어서 되게 편하고 좋네요. 봉지 뒷면 조리법을 보니 간단합니다. 면따로 익혀서 물기털어 놔두고 짬뽕국물 끓인다음 면넣고 몇분 끓이면 끝입니다. 처음 먹어보는데 면발자체가 약간 미끌미끌하면서도 부드럽네요. 국물도 시원하고 일반 중국집 짬뽕과는 묘하게 다른맛이 느껴집니다. 건더기도 넉넉하게 많이 들어있고 생각보다 괜찮은거 같습니다. 요새 중국집 짬뽕 1인분 가격도 만원정도 하는데 2인분에 만원 좀 넘는 가격이면 저렴하다고 할수 있겠습니다.,1,0,긍정
128474708,2025-11-13T00:16:18,안**,"오~~~ 이연복의 목란 짜장면도 맛있게 먹었는데 세상에나 ●칼칼하고 ●채소 ●해산물 가득한 짬뽕!!! 맛있어요 ■국물은 ■해동 후 ■4분간 끓여내고 ■면은 ■냉동 그대로 ■끌는 물 2분 ㅡ ■물기만 제거 간편 그자체 국물은 처음 끓을 때 고추가루 풋내가 올라왔는데 4분간 조리 후 또 다른 맛의 진한 국물이 됨 ●고기, ●오징어, ●홍합 ●애호박, ●당근, ●양파, ●표고버섯 모든 재료들이 적당한 익힘으로 아주 좋았음 1인분씩 만들어 먹을 수 있어서 더 좋음 양도 넉넉해서 둘이서 1인분에 밥 말아서 먹어도 될 듯",4,2,긍정
137048433,2026-08-22T18:03:57,심**,후기가좋아 예전에 함먹고 올만에 구매...오리지날은 좀 얼큰하고 자극적이나 맛있어요..면빼고 그냥 짬뽕밥으로 먹었는데 넘나 해장되고 맛있고 해동도 금방되서 편했음,3,1,긍정
137037993,2026-08-22T11:03:27,김**,짬뽕 맛있어요. 오리지널은 매워서 못먹는 가족이 있어서 마일드도 주문했는데 깔끔한 맛에 맵지않다고 잘 먹네요.,1,1,중립
137037529,2026-08-22T10:44:50,김**,이연복짜장과 짬뽕 둘 다 맛있어요. 더운날 중국집 갈 필요없이 집에서 너무 잘먹어요. 냉동실에 짜장과 짬뽕 쟁여놨네요.,1,2,부정
137035254,2026-08-22T09:22:44,김**,이연복 짬뽕은 워낙 유명해서 자주 구매해서 먹는 제품이에요 적당히 매콤하고 끓이기도 쉬워서 애용하는 식품이죠^^ 중국집에서 시켜먹는 것보다 훨 맛있어요,1,1,중립
137018357,2026-08-21T19:07:53,유**,"자주 시켜먹는 컬리 제품 중 하나예요! 면은 삶고나서 찬물에 헹구니 더 쫄깃하더라구요, 거기에 국물에 새우 추가하면 최애짬뽕이 됩니다😋",1,0,긍정
137010302,2026-08-21T13:31:16,안**,맵찔이지만 이것만큼은 오리지널로 시켜야 제 맛을 느낄 수 있어요. 해산물도 꽤 많고 국물이 일품입니다. 해장용으로도 제격이예요.,0,0,중립
135454989,2026-07-08T10:33:48,윤**,"이연복쉐프의 짬뽕을 처음 구매했어요. 그동안 2번 먹어봤던 백짬뽕은 맛있었는데, 짬뽕도 맛있겠죠. 잘 먹겠습니다~",2,0,긍정
135815443,2026-07-18T14:28:13,채**,여기저기서 유튜브 추천보고 처음 사봤는데 얼큰하고 양도 많아서 아주 맛있게 먹었어요ㅎㅎ 스트레스 확 풀리는 맛입니다!! 유명한 데는 이유가 있네요 다음에는 짜장면도 도전해봐야겠어요!,2,1,긍정
135442330,2026-07-07T22:47:50,노**,아들이 짬뽕을 좋아해서 브랜드별 회사별 짬뽕을 다 구매해 봤는데 이연복 목란 짬뽕이 제일 맛있다고 하네요. 제 입맛에도 이연복 짬뽕이 1등입니다.,2,0,긍정
137687622,2026-09-10T22:10:57,권**,맛있게 잘먹었습니다 감사합니다,1,0,긍정
136960604,2026-08-19T22:53:34,박**,안먹은사람은 있어도 한번먹은사람은 없다는 이연복짬뽕…!! 컬리주문때마다 항상시키고 있어요!! 웬만한 중국집보다 맛잇어요👍🏻,0,0,중립
136960107,2026-08-19T22:44:00,최**,짬뽕이 먹고 싶을 때 가장 먼저 떠오르는 밀 키트 입니다. 여러번 반복 구매지만 정말 만족스러워요.,1,0,긍정
136930972,2026-08-19T08:03:17,이**,이연복의 짬뽕이 너무 맛있었는데 짬뽕은 더 맛있다길래 구매했습니다~~~ 컬리 이런 기획 너무 좋아요!!,3,0,긍정
136926818,2026-08-19T00:07:12,강**,역시 짬뽕은 이연복 ㅎㅎㅎㅎ 양도 많고 잘 먹었어요. 저는 백합이랑 새우 추가해서 먹었더니 더 시원하고 좋더라고요.,0,0,중립
136569328,2026-08-08T23:10:03,정**,짬뽕집에서 먹는 맛이에요 양파랑 새우살 추가해서 끓여 먹었는데 양도 푸짐해서 좋아요,2,0,긍정
135801996,2026-07-17T23:52:02,변**,"컬리 시킬 때 꼭 주문해먹는 제품이에요! 밀키트 중 제일 괜찮은 목란 짬뽕! 해물을 좀 더 넣어야하지만, 마일드가 있어 매운걸 못먹는 사람도 고를 수 있게 해준 것도 마음에 들어요. 유통기한은 27년 5윌까지",0,0,중립
135788938,2026-07-17T19:11:44,윤**,컬리 가입하고 다른 판매처에서는 살 수 없는 식품들 살 수 있는 재미가 있네요. 그중 이연복셰프 밀키트(다른 데도 파나요~?ㅎㅎ)가 제일 댕겨서 사먹었어요. 짬뽕같은경우 해물이 싱싱한게 맘에 들었고 칼칼한 국물 맛이 특징이네요. 이연복씨 꿔바로우랑 같이 먹으니 좋아요.,1,0,긍정
135786373,2026-07-17T17:46:12,김**,적당히 맵고 진해서 두번째 구매~! 짬뽕이 집에 있으니 반찬 없을 때 딱 꺼내 먹기 좋네요. 요즘 입맛없어서 뭐 먹나 했는데 짬봉 국물이 진국이라 맛나게 잘 먹었어요!! 면도 쫄깃쫄깃 국물 가게에서 먹는맛이에요.,2,2,중립
136919539,2026-08-18T21:11:50,최**,다른 밀키트 보다는 약간 가격대가 있지만 애매한 중국집 짬뽕보다 맛있어요 특히 매운맛이 엄청나게 깔끔해요 레토르트로 어떻게 이정도의 깔끔한 맛을 뽑아낸건지 신기할 정도...,1,0,긍정
136915350,2026-08-18T20:02:06,이**,"냉동실 쟁여템으로 주문해뒀는데요,, 이전에 먹어본 바로는 꽤 괜찮은 맛이었던 걸로 기억해요.",0,0,중립
136900498,2026-08-18T10:53:33,김**,오리지널만 먹다가 마일드는 이번에 처음 주문해봤어요. 아직 먹기 전인데 어떨지 궁금하네요. ￼,0,0,중립
135347694,2026-07-05T13:09:09,조**,"집에 있는 애호박 양배추 좀 더 추가해서 먹었어요 요즘 이렇게 진한 짬뽕국물 찾기 힘든데 ,, 자주가는 중국집 다음으로 맛있다며 ㅎㅎ 남편한테 칭찬 받았어용 ❤️",1,0,긍정
135006936,2026-06-24T23:40:41,최**,할인을 계기로 많이 사뒀어요. 집에서 즐길 수 있는 가성비 끝판왕 짬뽕입니다.,0,0,중립
134600390,2026-06-13T14:40:43,김**,"우리고딩 아들 미식가라…^^ 주말엔 맛나는것 손수 해먹는 아들입니다. 저는 매번 매운 버전 아들들 사 먹다가 자극적일까봐 이번에는 마일드버젼으로 구입해줘봤어요 끓이는 냄새는 매운냄새가 나던데 마일드하게 맛괜찮다네요 이것도 합격!! 아이들도 쉽게 만들수있고 가성비좋고 맛도 좋아 만족합니다 해물도 많이 들어있고. 냉동되어 있던 내용물도 햬동하거나 끓여도 부서지거나 하지 않네요. 야채도 당연 냉동되어있어도 신선함을 잘 유지하고 있어서 모양도 맛도 만족스럽습니다. 면을 해동될때 까지 기다리지 않고 끓여도 되니 편의성도 좋고, 탄력성도 있어 끊기지 않아 좋으네요.",4,3,긍정
134255267,2026-06-03T20:14:42,송**,💛​국물 맛: 첫 입부터 묵직하고 진한 불향이 확 풍깁니다. 인위적인 매운맛이 아니라 고기와 야채가 푹 우러난 깊고 깔끔하게 칼칼한 맛이라 해장에 최고예요. 💛​건더기: 냉동 밀키트인데도 오징어와 돼지고기가 꽤 실하게 들어있어 씹는 맛이 좋습니다. 💛​면발: 다진 면이 아니라 쫄깃함이 살아있어 국물이 잘 배어듭니다. ​웬만한 동네 중국집보다 훨씬 맛있어서 냉동실에 상시 쟁여두는 정착템이 되었습니다. 면 다 먹고 밥 말아 먹는 건 필수 코스! 중식 맛집 분위기 집에서 제대로 냅니다. 강추해요!,4,1,긍정
134235464,2026-06-03T10:03:36,양**,이연복의 목란. 오리지널 짬뽕. 맵지만 맛있어요! 마일드도 맛있는데 좀 매워요. 안 매울지 알았는데 오리지널과 큰 차이가 없었어요. 그래도 맛있어요. 이번에는 오리지널과 백짬뽕을 구입했어요. 백짬뽕에 해물이 많이 들어있어요. 맵지않고 정말 맛있게 먹었어요. 오리지널에도 해물이 많이 들어있어요. 저는 해물을 그닥 좋아하지는 않지만 이연복의 목란 짬뽕에 들어있는 건 맛있어요!,6,1,긍정
134109722,2026-05-30T19:38:27,이**,남편이 짬뽕을 좋아해서 시켰는데 대만족 했습니다👍 일반 마트에서 파는 밀키트와 다르게 건더기도 정말 실하게 들어있고 덜 맵다는 말도 있었는데 둘 다 매운걸 잘 먹는 편이 아니라 그런지 적당히 칼칼하니 딱! 좋았습니다. 이번에는 써져있는 조리법대로 먹고 다음에 건더기가 더 먹고싶으면 양파나 양배추 추가해서 먹어도 좋을 것 같아요~ 진짜 짬뽕 좋아하는 사람은 구매해서 꼭 먹어보세요🩷,4,2,긍정
134022313,2026-05-28T00:46:06,김**,"맛있어요! 혼자 배달시키기 어려운데 간편하고 좋네요. 끓는 물에 면부터 삶고 건저뒀다 육수에 양배추랑 대패삼겹 추가해서 끓이다 면 넣고 3분 정도 뒀다 먹었습니다. 오징어, 홍합?등 해산물과 고기, 버섯 등 야채도 있어 생각보다 건더기도 많았습니다. 배달과 거의 유사하여 1인가구에 정말 추천합니다!! 양배추 추가하니 너무 좋았어요. 혹시 몰라 물 조금 더 넣었는데도 간이 약해지지않아서 좋았습니다!! 생각보다 매운맛은 강하지않았어요! 원하시는 분은 고추가루나 매운맛을 낼 수 있는 걸 추가하셔도 좋을 것 같습니다.",5,0,긍정
133928449,2026-05-25T16:59:51,이**,"지난달 미국(댈러스/텍사스)에서 한달동안 생활하면서 H마켓에서 이연복짬뽕을 사다 먹었는데, 너무 맛있어서 한국에와서 포장지를 찾아보니 없어 실망하던차 이연복 목란짬뽕하고 맛이 같다는 얘기를 듣고 오리지널로 주문해서 받고 뜯어보니 겉포장만 다를뿐, 안의포장은 똑같아서 기대감으로 끓어서 먹었는데 와~~!!! 진짜 그맛이더군요. 후기에는 오리지널이 맵다고 하시는 분들이 계셔서 좀 걱정했는데, 걱정은 노노! 정말 감칠맛과 깊은육수에 짱뽕 배달 못지않게 너무 맛있게 먹었습니다. 그맛이 그리워 열심히 찾아 헤멘게 헛수고가 아니였음을 증명합니다 ㅎ 해물도 탱탱하고, 야채도 듬뿍들어 있어 배달시키느니 언제든지 먹을수 있도록 많이 쟁여놨습니다. 매우면 마일드로 주문하려고 장바구니에 넣어놨는데, 바로 삭제 해버렸네요. 진짜 진짜 맛있고, 국물이 맛있게 얼큰해서 엄지 척 들었습니다. 면발은 중국집 면발과는 다르지만, 육수의 만족감에 면발 얇은것은 용서가 되었네요. 한번 드셔보세요. 진짜 맛있게 먹고, 국물에다 밥 말아 먹었습니다.",7,5,긍정
133864093,2026-05-23T22:01:20,임**,"요즘 아내와 함께 집에 머물며 아이들 밥상 차리는 데 하루 중 가장 많은 정성과 시간을 들이고 있어요. 이번에 컬리에서 같이 주문한 달큰한 제주 무를 듬뿍 썰어 넣고 온 가족이 먹을 맑은 소고기 뭇국을 한솥 끓이려고 킴스부처 호주산 앞다리 국거리를 선택했는데, 결과는 대만족이었습니다! 🍲🥩 ​사실 수입산 소고기로 맑은 국을 끓이면 특유의 누린내나 핏물 냄새가 나지 않을까 내심 걱정하는 편이었거든요. 그런데 이 제품은 키친타월로 핏물만 가볍게 톡톡 닦아내고 바로 볶아서 끓였는데도 잡내가 전혀 올라오지 않아서 아주 깔끔하고 담백한 국물 맛을 낼 수 있었어요. 300g 용량으로 깔끔하게 진공 소포장되어 있어서, 한 번 국을 끓일 때 한 팩을 다 털어 넣으면 고기 반 국물 반인 아주 푸짐하고 진한 영양 만점 국이 완성됩니다. 👍 앞다리살 특유의 담백함에 지방이 아주 적절한 비율로 섞여 있어서 오래 우려낼수록 고기 안에서 깊은 감칠맛이 진하게 우러나더라고요. ​무엇보다 고기 자체의 결이 살아있으면서도 푹 끓이니 솜사탕처럼 부드러워져서, 이가 약한 어린아이들도 고기를 뱉어내지 않고 밥을 훌쩍 말아서 한 그릇 뚝딱 비워내는 걸 보니 어찌나 뿌듯하던지요. 👧🏻✨ 함께 넣은 시원한 제주 무와 청정 지역 호주산 소고기의 조화가 그야말로 일품이었습니다. 가격 대비 고기 양도 상당히 넉넉하고 신선도 퀄리티가 너무 좋아서매일 집에서 삼시 세끼 식사를 직접 챙기다 보니, 가격 부담 없이 만만하면서도 온 가족 영양을 챙길 수 있는 식재료로 콩나물만 한 게 없더라고요. 국산콩 100%에 무농약 친환경 인증까지 받은 제품이라 한창 크는 어린아이들과 함께 먹는 저희 집 밥상에 한 치의 의심 없이 안심하고 올릴 수 있어서, 컬리에서 장을 볼 때마다 무조건 두 봉지씩 꼭 기본으로 담는 단골 상품입니다. 🌱🛒 ​배송받자마자 포장지를 뜯어보면 짓무르거나 갈변되어 상한 부분 하나 없이, 줄기가 아주 통통하고 뽀얀 신선한 콩나물이 한가득 들어있어요. 특유의 비린내도 전혀 없고 아삭아삭 씹히는 식감이 끝내줘서, 끓는 물에 살짝 데쳐낸 후 참기름 살짝 두르고 소금 톡톡 뿌려 맑게 무쳐내면 아이들도 아주 맛있게 잘 먹는 훌륭한 효자 반찬이 된답니다. 👧🏻✨ 물론 어른들 먹을 용도로 다진 마늘과 고춧가루를 팍팍 넣고 매콤 칼칼하게 무쳐내도 콩나물 특유의 고소하고 시원한 단맛이 매운맛을 기분 좋게 감싸줘서 밥도둑이 따로 없어요. 🌶️🍚 ​300g 용량이 생각보다 꽤 넉넉하고 푸짐해서, 절반은 아삭한 무침 반찬으로 뚝딱 만들고 남은 절반은 얼큰한 김치 콩나물국이나 해장국을 끓일 때 시원한 국물 맛을 내기 위해 듬뿍 얹어 활용하고 있습니다. 확실히 동네 마트에서 파는 일반 콩나물보다 줄기가 억세거나 질기지 않고 수분감이 가득 차 있어서, 열을 가해 조리한 후에도 뻣뻣해지지 않는 점이 이 제품의 가장 큰 매력 포인트예요. 진공 포장도 아주 깔끔하게 잘 되어 오고 신선도가 꽤 오래 유지되어서 냉장고 야채 칸에 며칠 보관해 두어도 거뜬합니다. 건강하고 맛있는 매일의 집밥 반찬을 고민하시는 분들께 이 무농약 콩나물을 진심을 담아 강력 추천해 드립니다",13,2,긍정
133651606,2026-05-18T11:12:54,이**,짬뽕 너무 좋아해서 일주일이 한번은 먹어줘야 속이 풀리는데 요즘 짬뽕 배달 너무 비싸더라구요ㅠㅠ 그래서 대체할 것으로 목란짬뽕 구매해서 먹어봤는데 너무 맛있어요!!! 칼칼한 맛도 좋고 내용물도 푸짐한 편이에요 어지간한 중국집보다 이거 사먹는게 더 나을정도! 2인분 양이라 가격도 괜찮고 집에 있는 재료 더 넣어 먹으면 더더 푸짐하게 먹을 수 있어 좋아요 암튼 이건 앞으로도 꾸준히 재구매하게 될 것 같아요,6,1,긍정
132943794,2026-04-23T19:41:28,박**,"제일 기대했던 짬뽕입니다! 맛 ㅡ 강릉교동짬뽕 맛 하고 비슷한데 고추장이 더 들어간 느낌이에요. 오리지널은 진짜 맵칼해요~ 고기 짬뽕 베이스 국물은 진짜 진하고, 해산물도 괜찮게 들어있는편! (홍합.오징어) 면이 진짜 쫄깃함! 사진은 새우랑 청경채. 양파 추가한 사진입니다. 양 ㅡ 1인분도 은근 많아요! 순두부나 다른 재료 추가하면 두분이서도 드실수있을것같아요! 냉동실 쟁여놓을 정도는 아니고 가끔 생각날 맛인거 같아요! 그래도 짬뽕 밀키트 중에는 건더기가 제일 많은편 ! 다음번에는 마일드로 한번 사보려고 합니다!",2,3,부정
132925237,2026-04-23T05:02:41,장**,"짬뽕 1인분은 기본적으로 양이 많았어요. 1인분으로 계산하면 6525원인데 돼지고기, 해산물, 야채가 들어있었어요. 오징어 제외한 부재료가 국산이라 놀라운데 양또한 아쉽지 않았어요. 오리지널은 신라면 맵기에 매운게 톡톡 치는 게 있어서 저는 무척 좋다고 느꼈는데 민감하신 분들은 마일드 드시는게 좋을 것 같습니다. 전체적으로 깔끔한 국물맛, 면발도 깔끔합니다. 저는 오징어 150g 추가, 제철 미나리를 얹어 먹었는데요. 짬뽕은 정말 훌륭했지만 미나리와 짬뽕 조합은 개인적으로 별로였네요.. 그래도 좋아하는 걸 추가해서 먹으니 중식당 오픈한듯 푸짐하고 맛있게 즐겼습니다. 식사를 마치고 남자친구가 가격을 묻더라고요. 꽤 괜찮은 제품인 것 같다면서요. 추천해요.",5,5,중립
132619155,2026-04-12T19:05:52,정**,"물 추가하지 마시고 레시피 그대로 끓여 먹는 걸 추천드려요. 불향도 나고 녹진한 국물에서 고춧가루도 느껴지고, 진짜 파는 짬뽕하고 거의 똑같은 맛이에요! 해물 건더기도 밀키트치고 꽤 많이 들어있고, 무엇보다 면이 맛있더라고요. 시간이 지나도 면은 불어도 뚝뚝 끊기지 않고 쫄깃한 식감은 계속 살아있어서 놀라웠어요! 좀 짜다 싶으면 물 종이컵 반컵만 넣는 거 추천드려요. 오리지널맛이 불향도 나고 맵고 칼칼해서 맛있어요 진짜👍 6500원에 파는 짬뽕맛을 느낄 수 있는 게 가성비인 것 같아요. 앞으로 짬뽕 먹고 싶을 때 이것만 사 먹을 것 같아요!",5,3,긍정
131168270,2026-02-19T15:16:52,신**,원래 짬뽕 안 먹고 짜장면만 먹는 사람으로서 이 짬뽕 진심 추천이요 짜장으로 할까 하다가 여기저기에 찾아보니 호불호가 조오오금 보이는 거 같아서 그냥 짬뽕으로 먹어봐야지 했는데 진심 맛있어요 대패삼겹살이랑 양배추 볶아서 넣어서 먹었는데 진심 너무 추천이고 제 입맛에는 신라면보다 조금 덜 매운 정도 같은데 매운 거 잘 못 드시는 분들은 오리지널은 조금 힘들지 않을까 싶어요 내용물이 너무 실해서 국물은 좀 적은 거 아닌가? 했더니 하나도 안 적어요 많습니다 그리고 어디에서 찾아보니 면을 삶아서 국물에 넣어서 조금 끓이다가 먹으라고 본 거 같은데 저는 그냥 면을 삶고 접시에 뒀다가 끓인 국물을 부어서 먹었는데 차라리 이게 맞는 거 같아요 안 그랬으면 면이 퍼졌을 거 같아요 탱글한 면발의 식감 좋아하시면 부어서 드시고 나는 면이 좀 퍼져도 면에(?) 국물이 좀 스며들었으면 좋겠다 싶으면 면을 국물에 넣고 끓이다가 드세요 저는 짬뽕 너무 추천이라 다음에도 또 구매할 거 같아요!!,5,5,중립
136882553,2026-08-17T20:38:00,나**,후기에 다들 맛있다고해서 한번 사봤는데 정말 맛있어요~ 마일드 샀는데 맵지 않고 얼큰해서 좋았어요,3,0,긍정
136878242,2026-08-17T19:38:53,조**,이연복짬뽕 맛있어요 . 왠만한 배달짬뽕보다 훨 맛있어요. 건더기가 조금 부족한듯하여 호박이나 양파 더 추가해서 먹습니다,2,1,긍정
136872397,2026-08-17T16:15:42,윤**,아이가 짬뽕 먹고싶다고해서 사봤어요 매운걸 좋아하는 아이라 고민했는데 마일드도 맵다고해서 마일드로 사봤습니다 딱좋다고하네요^^,1,0,긍정
136871892,2026-08-17T15:57:31,김**,진짜 얼큰하고 맛있네요 해산물은 많이 안 들어있어서 집에 있는거 넣으면 더 좋은것 같아요 면이 탱글하고 맛있어요,2,1,긍정
136864411,2026-08-17T11:39:48,조**,매콤한 거 좋아해서 오리지널 맛으로 주문. 기대됩니다 컬리 상위템으로 항상 올라가있어 처음 컬리 가입하고 이것저것 시켜볼 때 먹어보긴 했었는데 그때 좋은 기억으로 또 시켰어요,1,0,긍정
136855430,2026-08-17T00:46:49,김**,목란 짬뽕이 맛있다고 해서 주문했는데 배송도 빠르고 포장도 잘 되어 와서 만족하면서 받아볼 수 있었습니다. 나중에 또 재구매 할께요.,3,0,긍정
135713787,2026-07-15T11:38:00,최**,국물은 맛있습니다. 일반으로 했는데 꽤 맵습니다. 레시피에 있는데로 했는데 면이 우동면 느낌입니다. 좀 더 짧게 삶는게 좋을듯 싶습니다. 그냥 먹기 아쉬워서 우삼겹 넣었더니 훌륭하네요. 개인적으로는 짬뽕밥으로 먹는게 더 괜찮은듯 싶습니다. 만족합니다.,3,1,긍정
136848065,2026-08-16T21:04:40,홍**,밀키트 짬뽕으로 정말 진한 맛이에요👍 맵찔이라 조금 맵지만 국물에서 칼칼하고 깊은 맛이 있고 고명들 양도 좋았어요^^,2,0,긍정
136846542,2026-08-16T20:34:36,김**,목란 짬뽕 처음 먹어 봤는데 정말 맛있어요 매운 음식을 잘 못먹어서 마일드로 주문했는데 다음엔 오리지널도 맛보고 싶어요,1,0,긍정
136834874,2026-08-16T14:49:02,진**,이연복잠뽕을 먹어보고 싶어서 구입했어요 마일드를 선택하려다가 오리지널을 주문했어요 많이 매울지 궁금하네요,0,0,중립
136832945,2026-08-16T13:31:58,박**,여러번 구매 하고 있어요 맵찔이라서 마일드로 구매해요 집에서 이 퀄리티로 먹을수 있어서 좋아요,1,0,긍정
136431881,2026-08-05T12:56:10,박**,짬뽕은 이연복 입니다. 밖에서 안먹어도 됩니다,0,0,중립
137522808,2026-09-06T08:18:12,배**,맛있어서 구매 했습니다.,1,0,긍정
135246995,2026-07-02T12:27:41,박**,항상 컬리에서 이연복 짬뽕 오리지날 구매를 합니다 가격도 저렴하고 일단 맛도 있고 거기에 추가로 차돌박이를 구매해서 같이 요리해서 먹으면 일품입니다,0,0,중립
132238744,2026-04-01T00:55:08,박**,"정말맛있어요! 밖에서 사먹는짬뽕 못지 않게,아니 더 맛있어요. 집에서 간단하지만 제대로 된 짬뽕먹고싶다면 이거같아요. 불맛나고 화끈해요 배달보다 저렴하고 더맛있게 먹을수 있어요! 추가로 만두나 삼겹살 곁들이면 더좋더라구요! 내용물도 실해서 더첨가안해도되지만 새우나 조개를추가하면 시원함@ 배가됩니다! 사진잘찍었는데..사진이없어서 요리사진은못올리지만 담에다시올릴게요",3,0,긍정
137490002,2026-09-05T02:00:02,박**,짬뽕 국물 맛있어요,1,0,긍정
136773938,2026-08-14T15:44:24,구**,오리지널은 매워서 마일드로 주문하는데 집에서 짬뽕먹고 싶을때 좋은 퀄리티로 먹을 수 있어요^^ 너무 맛있어서 여러번 구매한 제품이고 추천합니다,2,1,긍정
136763050,2026-08-14T08:59:01,전**,짬뽕이 먹고 싶을때 항상 구입하는 이연복쉐프 짬뽕 내용물도 실하고 무엇보다 국물이 칼칼해서 매운거 좋아하는 저한텐 딱이에요!!,1,0,긍정
136759333,2026-08-14T05:21:26,이**,매콤했는데 맛있게 잘 먹었어요 이연복 셰프의 짬뽕 먹어보고 싶었는데 집에서 편하게 먹을 수 있어 좋아요,2,0,긍정
136758199,2026-08-14T00:57:00,이**,늘 빠르고 정확한 배송 감사합니다! 다먹어서 또 주문하러왔어요ㅎ 집에있는 새우 더 넣어먹어도 맛있어요ㅎㅎ,1,0,긍정
136376588,2026-08-03T23:38:59,동*,야미야미 얌얌 저한테는 안 매워서 매운 고춧가루 더 넣어먹었어요,0,1,부정
129833673,2026-01-02T12:41:32,유**,"2인분이 통째로 들어있는 게 아니라 국물도 두 팩 면도 두 팩이어서 더 좋았어요! 처음이라 1인분만 일단 끓여봤는데 따로 새우 추가해먹으니까 더 맛있어요. 저는 까먹고 나중에 넣었는데 육수 넣을 때 다같이 넣는 게 좋을 것 같아요 면은 육수랑 아예 같이 끓이는 게 더 편하고 맛있다고 해서 그렇게 해봤는데 면 너무 길고 국물 튀는 거 싫어하시는 분들은 가위로 한 번 잘라도 좋을 듯 해요, 면이 꽤 길어요! 오리지널이 많이 맵다고 해서 마일드로 시켰는데 개인적으로 이것도 충분하다고 느꼈어요. 매운 거 못 먹지도 아주 잘 먹지도 않는데 그냥 딱 시중 짬뽕의 맵기 같고 나름 얼큰했어요 양은 중식좌 여성 기준 배부른 1인분이었어요. 양 크신 분들은 밥까지 말아먹으면 딱 좋을 듯",3,1,긍정
136749694,2026-08-13T20:30:42,윤**,냉동실에 항상 쟁여놓는 제품이예요! 얼큰하고 양도 많고 다 만족스러워요! 워낙 유명하긴 하지만 ㅋㅋ 추천합니다!,2,0,긍정
136739038,2026-08-13T14:33:35,김**,처음 주문해서 먹어봤는데 맛있고 좋아요! 가성비 좋습니다 또 주문해서 먹을거같아요! 추천합니다,3,0,긍정
136725466,2026-08-13T01:32:16,조**,배달 주문에 먹는 짬뽕의 비교해서? 오히려 더 맛있는 듯합니다. 집에서 짬뽕이 생각날 때 간편하게 먹을 수 있어서 자주 주문하는 편입니다,2,0,긍정
136320128,2026-08-02T15:00:49,김**,이번에는 여행와서 이연복님 덕분에 맛있게 잘먹고 잘 놀고 있어요~~^^,1,0,긍정
135574712,2026-07-11T16:05:37,김**,처음 먹어봤는데 이거 진짜 맛있어요 ㅎ 후추랑 매운 고춧가루 좀 더 넣고 오징어 살짝 추가해서 팔팔 끓여먹으니.. 이거 뭐 국물도 진하고 밥도 말아먹을수밖에....👍 면도 안불고 쫄깃하게 먹을 수 있으니.. 쟁여템 예약입니다..☆,3,1,긍정
135572207,2026-07-11T14:26:19,이**,첨음 국물을 마셨을때 아 맵네 했는데 계속 남는 매운맛이 아니라서 부담없고 면도 탱탱해요 전보다 뭔가 건더기들이 양이 좀 줄어드 느낌이 들지만 집에서 짬뽕 먹고 싶을때 간편하게 먹기 좋아요,2,0,긍정
131312623,2026-02-25T02:35:55,신**,냉동실에 오징어랑 차돌 듬뿍넣어 먹으니 더 맛있네요,1,0,긍정
131071252,2026-02-14T16:35:01,이**,"베스트 제품인 건 알고 있었는데 이걸 왜 이제야 샀을까요… 한 입 먹자마자 바로 납득 면발은 쫄깃하고 쉽게 불지 않는 타입이라 식감이 좋고, 매운 고춧가루를 썼는데 고운 고춧가루라 텁텁하지 않고 깔끔하게 매콤해요. 국물은 진짜… 깊이가 미쳤고 집에서 먹는 짬뽕인데도 고급 중국집 맛이 납니다. 채소, 해물, 고기도 듬뿍 들어 있어서 내용물도 실해요. 오징어파라 오징어가 없는 건 살짝 아쉽지만, 그럼에도 웬만한 중국집 배달보다 훨씬 맛있어요. 밀키트 안 좋아하는 저희 신랑도 한 입 먹더니 “이제 배달 짬뽕 안 시켜” 선언했습니다 😂 괜히 이름값 있는 게 아니네요. 이연복 셰프 목란 짬뽕, 대박입니다. 재구매 각 베스트 인정 🔥🍜 후기 쓸 줄 알았다면 사진 좀 제대로 찍을걸 그랬어요ㅎ",5,2,긍정
130768885,2026-02-03T23:19:22,임**,"지금까지 컬리에서 압도적으로 제일 많이 주문한 제품이 이연복 짬뽕일겁니다ㅎ 저희입엔 시켜먹는 짬뽕보다도 맛있으니 주기적으로 냉동실에 채워놔야해요. 예전엔 청경채도 넣어보고 하다가 지금은 알배추만 송송 썰어서 추가해서 먹어요. 이날 컬리 배송받았을때 냉동실 자리가 없었어서 점심은 컬리에서 시킨 갈비탕, 저녁은 컬리에서 시킨 이연복 짬뽕 먹었네요ㅎ",1,2,부정
136722841,2026-08-12T23:06:26,이**,항상 구비해두는 이연복짬뽕이에요. 맛집없는 도시 사는데 한그릇에 만오천원 주고 시킨 짬뽕보다 이게 훨~~~씬 맛있어요ㅠㅠ 제구원템입니다,2,0,긍정
136706006,2026-08-12T14:33:52,정**,이연복 짬뽕 오리지날 칼칼한 얼큰한맛 정말 맛있고 가격대비 컬리티 짱입니다. 두번째구매하고 오늘 또 구매했습니다.역시 후기가 좋았던이유가있었네요 ㅎㅎ,2,0,긍정
136700574,2026-08-12T11:04:57,송**,맵싹한거 좋아해서 오리지널로 먹었는데 목감기 끝물에 국물 호로록 했다가 쥬금을 맛봤습니닼ㅋㅋ 만들고 치우는게 귀찮지만 나가서 사먹는것보다 몇배는 맛있어서 대만족이요!,3,0,긍정
136698047,2026-08-12T09:44:30,김**,반신반의로 주문했는데 아들이 맛있다고 하네요 재료도 푸짐하게 들어있고 짜장면도 주문해봐야겠어요,2,1,긍정
